Tweet,Intensity Class
'we need to do something. something must be done!!!!!'\n\nyour anxiety is amusing. nothing will be done. despair.,1: low amount of anger can be inferred
@Chan_lfc10 @paul_rule @Nuttall1878 @DeadlineDayLive @Everton We'd be fuming if the hijacked our £8m move for a relegated full back 😡,2: moderate amount of anger can be inferred
Caleb had a nightmare about zombies. I had a dream about freedom.......,0: no anger can be inferred
#CNN really needs to get out of the #Propaganda Business.. 30 seconds on USN fallen Soldiers tragedy. Right back at spewing #hatred #POTUS,2: moderate amount of anger can be inferred
#dmme #kikme  #sext #horny  #ass #bbw  #naughty  #pussy #kik   #nudes  only  girls  😩 horny  #snap    jacobgigs,0: no anger can be inferred
Don't fucking tag me in pictures as 'family first' when you cut me out 5 years ago. You're no one to me.,3: high amount of anger can be inferred
Coulda sworn it was Interview With A Vampire. Hmmm......Mandela Effect anyone? \n#interviewwithavampire #annerice #books #horror #ilovevamps,0: no anger can be inferred
sick of this shit. #mad #angry. Rowan Atkinson Is Not Dead. Just A Bloody Online Hoax😡😡😡😡🤬🤬🤬🤬,3: high amount of anger can be inferred
@lucybeecoconut A make up remover and insect sting relief!,0: no anger can be inferred
"I despair at the mouth foaming hostility &amp; dishonesty of those in the Leave camp, &amp; we should expose that.",2: moderate amount of anger can be inferred
"@FangornForest1 @Brexit whose customers love it. Imagine being a hack these days, having to sing the tune the paymaster calls. #dismal",1: low amount of anger can be inferred
"@F1 Why announcing so late, it will be hard to make it from Manchester and organising a day off. #sad",2: moderate amount of anger can be inferred
Mother Nature dropping mad beats out there this morning. Just wish they wouldn't shake my shower stall while I'm standing there naked.,0: no anger can be inferred
#DamilolaOurLovedBoy So upsetting 😢😢. Why do people want to hurt others! Such a cruel world we live in #heartbreaking,2: moderate amount of anger can be inferred
Sorry if I annoy any of you. I'm just real passionate about Ruby and always want to give her the love she deserves 😭,0: no anger can be inferred
"Jesus drank the cup of wrath you deserve dry, so that you might drink deeply of His cup of salvation that eternally satisfies (Hab 2:15).",0: no anger can be inferred
I spotted the fed and all I got was #Ejaculating live bees and the bees are #angry.,3: high amount of anger can be inferred
Worst dreams. 😥,1: low amount of anger can be inferred
"@MarkRDuckett it did, i saw the tweet, it had a crack at u, about a greens tweet. it holds a grudge dude. so pathetic.",2: moderate amount of anger can be inferred
"#WalkingSideBySide: Great marriages built on #forgiveness &amp;truthfulness; bad marriages on #resentment, bitterness, #deceit &amp;unfaithfulness.",0: no anger can be inferred
@Bravotv is there a way to watch NYC Million Dollar Listing &amp; filter @FredrikEklundNY OUT of the episodes? #primadonna #duckface #tantrum,0: no anger can be inferred
This time last year I was pissed at the top of the Eiffel Tower. Today I was down a manhole in the rain. Happy Anniversary @Jordannea11 😘♥️,0: no anger can be inferred
Head hurting 😤,2: moderate amount of anger can be inferred
@JustHerrick @iPhone_News Piece of #crap,2: moderate amount of anger can be inferred
So disappointed in myself for spending £50 on an outfit for meeting a boy #noselfcontrol #nervous,2: moderate amount of anger can be inferred
Did men call themselves shy and mean it? So I reassure him that I'm just making sure he's a good investment and alla that 🙄,0: no anger can be inferred
Kid at camp said my inner thigh looked like a slinky👌🤣 buddy those are stretch marks!!!!  #SummerCamp #offended,1: low amount of anger can be inferred
Alaina and I are at 90 days on our snap streak. So?,0: no anger can be inferred
Saw my first Larsen trap today with stressed magpie. I NEVER EVER want to see that again  #angry #distressed #wildlife,3: high amount of anger can be inferred
"@Argos_Online customer service is dreadful, phone bill is huge and get passed from person 2 person and keep taking money off my card #idiots",3: high amount of anger can be inferred
Lost my appetite for the past 5 days and I swear I already lost 3 pounds #depressing #at #least #i #will #be #skinny #for #pride #weekend,1: low amount of anger can be inferred
Great...So I got up at 5am only to discover that my Amazon Prime Day deal was $30 more than the regular price. 😡,3: high amount of anger can be inferred
What's worse than feeling discouraged? Not finding an emoji for feeling discouraged,1: low amount of anger can be inferred
@GirlPosts @_matdtaylor actually how annoyed you get 😂,2: moderate amount of anger can be inferred
@Zineeta_R @RusEmbUSA @mfa_russia The hatred and fear many russians have for anything non-russian is just sad.,2: moderate amount of anger can be inferred
@BBCBreaking I have some mistrust of the medical profession.  The cover up was more important than the patients.,1: low amount of anger can be inferred
I've got builders in my office and I have a game to make. Perhaps ill start sketching the next game... #gamedev #indiedev ,0: no anger can be inferred
Wow what's up with #snap 😲📊📉⬇#cnnmoney,0: no anger can be inferred
"Brighten up a gloomy day with a @SiennaXOfficial spray tan, we have a tan to suit everybody! #spraytan #tan #summer #godalming #hurtmore",0: no anger can be inferred
Israel's recent overtures towards West Africa seems to be attracting some elements of suspicion...an unnecessary suspicion though.,0: no anger can be inferred
@hollloman @nessa_babbby @ajvannozzi97 As half a set of twins I resent that!,2: moderate amount of anger can be inferred
"I feel exhausted ...\nI tried to do a good job, but apparently God does not see me right. I'm weary! I EXIST! 😟💔📢\n#exist #weary #misonorotta",2: moderate amount of anger can be inferred
Why have #Emmerdale had to rob #robron of having their first child together for that vile woman/cheating sl smh #bitter,2: moderate amount of anger can be inferred
@o_pebbles Not of this one sadly! 😪,1: low amount of anger can be inferred
How come quiet well behaved cats and dogs have to ride on a plane in a tiny bag while screaming small humans roam free? #outrage #teampet,2: moderate amount of anger can be inferred
Hey @NHSEngland imagine being blue lighted to hospital unable to breathe only to be dumped in a cubicle and not seen for 4 hours #horrendous,3: high amount of anger can be inferred
It's a beautiful pout. c:,0: no anger can be inferred
@ThomasEWoods I would like to hear a podcast of you going off refuting her entire article. Extra indignation please.,1: low amount of anger can be inferred
-c- and disarmed of her equipment on suspicion of being a potential accomplice to Annie Leonhart.,1: low amount of anger can be inferred
"[ @TheChicMystique ] — hurting badly and that he can't just leave him like that. Angry and heartless. ]\n\nI promise you that I'll be back, —",2: moderate amount of anger can be inferred
@michaelsloan87 @SkyFootball The disappointment when it's actually a new club sponsor! 😂,0: no anger can be inferred
Are u #depressed #hypo #manic #lonely #bored #nofriends #needfreinds #friend I feel chatty I wanna help ppl or just #makefriend 's #dm #moms,0: no anger can be inferred
Shit getting me irritated 😠,3: high amount of anger can be inferred
@_elliegillxx @0liviarobertson Poor Lyn 😂😂😂 livv I hope she forgets yours this year in revenge,0: no anger can be inferred
I literally love Paul so much #BB19 #pissed 😂,0: no anger can be inferred
@amjadhussain73 @MehreenFaruqi Don't waste your time on that Muslim crap. Ups you are Arab too. 😂 😂 😂 Greatings fro Pauline Hanson. 😂 😂 😂,0: no anger can be inferred
calling me ugly isn't even an insult bc i know already,1: low amount of anger can be inferred
What do I do with my heart that is trembling by just the thought of it?\nI really don’t know what love is,0: no anger can be inferred
Russia story will infuriate Trump today. Media otherwise would be giving him tongue bath for fall of ISIS in Mosul + al-Baghdadi death.,0: no anger can be inferred
There's still sadness and hatred pero i do feel better than yesterday.,2: moderate amount of anger can be inferred
Outside has basically become a horror movie where gypsy moths take over the world by flitting aggressively about.\n\n#creaturedoublefeature,2: moderate amount of anger can be inferred
"@JackRuff4 They have this horrible pudding here. Butterscotch pudding on Mondays, it's dreadful. #Fringe",2: moderate amount of anger can be inferred
@Delta.  Are you kidding?  Delayed from 7:30pm to 11:00 - only to cancel it because the pilot is overtime.,3: high amount of anger can be inferred
Paul Ehrlich said that humanity is a threat to all life. Such great news to start the day. If I could blush I would.,0: no anger can be inferred
@eben4u #stayed on you...makes you appreciate love worshiping....All i want to do is worship you!!,0: no anger can be inferred
I feel intimidated,0: no anger can be inferred
@jaassiieeeee I will not fall to the dark side😂😂,0: no anger can be inferred
@elegantlywasted @ChelseaClinton Are they the new kennedy's of American politics.. sadly both mom and daughter are as charming as a toe nail,0: no anger can be inferred
"aleesha—kitchen sink, twenty one pilots (!!)",0: no anger can be inferred
She mad sus hung up on me 😂,0: no anger can be inferred
My dog wouldn't stop barking so now I'm up at eight am with a raging headache,2: moderate amount of anger can be inferred
Yes @itv2 @LoveIsland putting that Angel @MikeThalassitis back in the villa was the best move #revenge #returnofthemike #LoveIsland #hot,0: no anger can be inferred
"Please ruin this party, @NSWRL. #origin #blues",0: no anger can be inferred
@_Oteraw unhappy and unfulfilled 😂,0: no anger can be inferred
How shit and depressing is this weather wish I can travel the world for a living,2: moderate amount of anger can be inferred
Threaten to leave your girl shaking in a wet spot ....,0: no anger can be inferred
"I mean, not that I wanted goats to faint... but I wanted to see the goats faint.  #eclipse",0: no anger can be inferred
@MafiaWorldMario Stg everybody say that 😂 then when we tell them they got huff they be mad as shit,2: moderate amount of anger can be inferred
Woke up feeling fresh with a clear mind. That's never happened before.\n#morning #sober,0: no anger can be inferred
It’s lack of #faith that makes #people #afraid of #meeting #challenges …\n\n#MuhammadAli,0: no anger can be inferred
You would think booking a holiday for 2 you'd be sat next to each other on the bloody plane #fuming 😡@ThomsonHolidays,3: high amount of anger can be inferred
#resentment best Beyoncé song #dontdebateme,0: no anger can be inferred
"you annoy me, your name annoys me, your EVERYTHING annoys me 🙃",3: high amount of anger can be inferred
'to fill his campaign bank account with tens of millions of dollars'..trump 2020 campaign to start now #sad  #bad,1: low amount of anger can be inferred
and after i got home in such a horrible mood my mom pissed me off the moment i stepped my feet in the house so i really almost go off on her,3: high amount of anger can be inferred
Mint owls are often indignant.,0: no anger can be inferred
@JoshuaRozenberg Oh dear! #tantrums,1: low amount of anger can be inferred
What should I do to teach people effectively? #questions #answer #help #twitter #nice #sad #begging #angry #teacher #what,0: no anger can be inferred
It was at least boiling temperature last night.,0: no anger can be inferred
The pessimist complains about the wind; the optimist expects it to change; the realist adjusts the sails.,0: no anger can be inferred
Desi feminists must have it the hardest. Imagine controlling that rage due to having to dance in a wedding at 'Mai Baarish Kar du Paise ki',1: low amount of anger can be inferred
Some people are shady a'f ,1: low amount of anger can be inferred
"+++ '#Dearly #beloved, avenge not yourselves, but rather give place unto #wrath: for it is #written, #Vengeance is #mine; I …' #Romans12v19",0: no anger can be inferred
"Listening to these refugee children, barely a decade old, describe the horrific acts they were forced to commit is terrifying. #DatelineSBS",2: moderate amount of anger can be inferred
Man I feel like crap today 😰,1: low amount of anger can be inferred
i excepted the eclipse to make me believe in an omniscience force #dissapointed,2: moderate amount of anger can be inferred
Someone's nicked my lunch out the fridge at work!! Roast dinner as well! #fuming,3: high amount of anger can be inferred
Okay @BTS_twt it was fun and all you can change your layout back to something goofy and domestic as usual pls I'm intimidated rn,0: no anger can be inferred
"Wow! Today, totally seeing alot of #mean #people out in this #world! Turn it around and #start cultivating #kindness! #SuccessTRAIN #warrior",0: no anger can be inferred
#PhoenixRally #Deplorables insult and denigrate #JohnMcCain as he struggles with treatment for #glioblastoma #impeach45 incites,2: moderate amount of anger can be inferred
We need but little learning to live happily - Michel de Montaigne #quote #philosophy #wisdom #wisewords #mentalhealth #psychology #anxiety,0: no anger can be inferred
Post TRNSMT blues,0: no anger can be inferred
Literally kicking myself for not catching up on GOT and now all I see is SPOILERS #pissed,3: high amount of anger can be inferred
I think I'll eternally be irritated by our LIT teacher 😂,1: low amount of anger can be inferred
@TheView Joy isn't a comedian. She's a bully for fat shaming the governor. Great example she's setting for her grandson.,1: low amount of anger can be inferred
@TheEllenShow I follow you bc your TV show keeps me laughing🤣.  When you #startle your guest sitting on that couch...booo...,0: no anger can be inferred
@silverstein 13th time seeing you guys today and you cancel the meet and greet because of the storm. We're all soaked.. 😡 #dissapointed,3: high amount of anger can be inferred
Tonight's run.... #restless,0: no anger can be inferred
@AwardsDaily Looks that way.  I don't want to see how Q is going to handle Tate murder.  #shudder,1: low amount of anger can be inferred
"@BillMoyersHQ Elderly belong w/family; our social system is broken.  This egregious 'Meancare' will shake it up, alas.",2: moderate amount of anger can be inferred
@del_krushnic I knw you have a temper paaa lol just chill dear don't be pissed waii or I will else worry u saaa but I'm sorry 😫,0: no anger can be inferred
There's nothing interesting here besides of retweet for follow #annoyed 😣😣,3: high amount of anger can be inferred
"Theme of week: Ask the Lord for strength &amp; perspective to persevere in #integrity and effort, despite being #disheartened &amp; disappointed.",0: no anger can be inferred
@ProfessorF @Mediaite @law_newz Childish temper #tantrums are all the left has left. :),1: low amount of anger can be inferred
@izzyaline burning up damn,2: moderate amount of anger can be inferred
Freakin a...I deleted half the episode of BIP on accident  #bachelorinparadise,2: moderate amount of anger can be inferred
Ask for my #snapchat #pussy #cock #horny #cum #wet #tits #follow ,0: no anger can be inferred
"Can't handle rude people. Doesn't matter what job you do, a consultant or not, treat people how you would like to be treated 😡 #disapointed",3: high amount of anger can be inferred
@AmyJoSmyth #OOC Thing is she holds a grudge like mad,2: moderate amount of anger can be inferred
462 appearances in PL and 200 goals!! 2.31 games per goal. That's very nearly a goal in every 2 games #crap 😂😂 🙄🙄🤔🤔 #Rooney,0: no anger can be inferred
Do people notice that only saying 'You're so pretty' when I have make-up on. Is offense! \n&amp; I take note that they never say it when I don't.,1: low amount of anger can be inferred
"@emmajckson awe thank you (,:",0: no anger can be inferred
"4 hours. \n4,189 words.\n1 story.\n#amwriting #horror #publishorperish",0: no anger can be inferred
Brown envelopes can induce panic. #posttruth,0: no anger can be inferred
How sick must someone be that they wish to 'punish' someone for not being their friend?  #insecure #lonely #miserable #vengeful #RHOC,3: high amount of anger can be inferred
My boyfriend is my whole world 😭,0: no anger can be inferred
The same part of roof bar (driver's side) are stolen from Grand Vitara cars. Let it be known. This is really #disheartening #brunei,2: moderate amount of anger can be inferred
🇿🇦has become a place where people even the most timid of us all are baying for blood around every corner.,1: low amount of anger can be inferred
I'm back on Twitter! #madden #madden18 #maddenmobile #ea #nfl #espn #packers,0: no anger can be inferred
"Been at work for not even 4 hours and I've thrown boiling tea everywhere, smashed a mug, smashed a milk jug and sliced my finger open😐",3: high amount of anger can be inferred
@badpostyoongi I know for a fact they'll either ignore the fact tiff isn't or change Cindy's background,0: no anger can be inferred
So now I have to buy a whole new computer ,1: low amount of anger can be inferred
@theIeansquad @SatanHeavenly Rap is so unbearable and horrific.,2: moderate amount of anger can be inferred
"Nigga write me talking bout I dreamt about you, cool I hope I was haunting you in a nightmare",2: moderate amount of anger can be inferred
@kamaalrkhan Which #chutiya #producer #invested in #crap #deshdrohi ??,1: low amount of anger can be inferred
@RGUpdate Have you tried English hospital food ?? #yak #gross ,1: low amount of anger can be inferred
made up my mind to \nmake a new start,0: no anger can be inferred
"@JoyceMeyer @mrsglessman #day of #vengeance of our #God; To #comfort all who #mourn, To console those who #mourn in #Zion, To give [4/7]",0: no anger can be inferred
"Africa has unique and tremendous problems with war, overpopulation, starvation and tribalism which makes moving Africa forward hard.",0: no anger can be inferred
"@itskaiouji Noooo, Sunbae-nim! Don't tease me like that- 😤",1: low amount of anger can be inferred
"Now that Ravi Shastri is finally appointed as the head coach, it'll be interesting to see whether Kohli finally stops throwing his tantrums.",0: no anger can be inferred
@PamelaGeller Disgusting. @facebook you just may end up like #snap. #traitor,2: moderate amount of anger can be inferred
I woke up still not hardly believing what all happened last night 😰,0: no anger can be inferred
Can't stand it when lads put their middle finger up in pics ,2: moderate amount of anger can be inferred
@GarfieldLineker @TimCRoberts *on his back. Apologies for retweeting a tweet with grammatical error #mybad 😱,0: no anger can be inferred
"@angrydwarf9 @carolinesandall It ruins my frigging night each night at 9pm. Mrs loves it, i've been early to bed for a month. #dreadful",2: moderate amount of anger can be inferred
"We can replace #loss with #hope, #hate with #love, #pain with #gain, if we close the window of #bitterness and open doors of #faith. #TryIt",0: no anger can be inferred
@maidinaustralia D: That's horrid. *hugs*,1: low amount of anger can be inferred
@kylegriffin1 #outrage police\ntelling a woman she looks nice for her age is apparently sexist.\nYou #FakeNews people are #crazy,2: moderate amount of anger can be inferred
"Wrapped In This Burrito, Gotta Sweat This All Out 😰",0: no anger can be inferred
Jeong su is easy to get along with everybody likes him and not intimidated by him.. I like him.. he reminds me of seunghoon,0: no anger can be inferred
United Airline at Newark needs more Kiosks so that people won't miss their cut off time.  And hire more ppl too.  #horrible,2: moderate amount of anger can be inferred
@Lythero *hugs himself hoping Doom shows up to insult everyone*,0: no anger can be inferred
Good Morning Tuesday! No crap today please 😃 #tantrums #toddler #cuddly #struggles #3 #10 #PMA,0: no anger can be inferred
That moment when you look back and realise you've been a #selfish #horrible #judgemental person. #FeelingAshamed,2: moderate amount of anger can be inferred
"5 goals in 87 appearances last season between McKay, Holt and Windass! Simply is horrific! Get midfield balance sorted and team will fire!",1: low amount of anger can be inferred
@BrettKeeble I guess it never. @smartassunit #worry,0: no anger can be inferred
"@chelston_dsouza Conte is furious with his board, wants all of them or he quits.",1: low amount of anger can be inferred
@narendramodi @AmitShahOffice @OfficeOfRG @arunjaitley all the politicl prties lv n care fr ppl whn in opstn.  #AmarnathTerrorAttack,0: no anger can be inferred
"@CNN thanks Hollywood, (Depp). all these climate change fanatics using private jets and gas guzzling cars are to blame for this! #outrage",2: moderate amount of anger can be inferred
very very irritated 😐,3: high amount of anger can be inferred
@_Buddh_ @rohit_mhpl @indujalali @rajnathsingh We are also wating when terrorism willb history. And one thing kashmir is not India's,0: no anger can be inferred
@KeenanRuggeri You would have been raging as it was probably put in place instead of an extra crisp,2: moderate amount of anger can be inferred
Hmm...looks like no one @Tampax is available to respond. Its like waiting for a #doomsday reply. That #burning question with no #answer,2: moderate amount of anger can be inferred
Didn't know the @ChickfilA cow day thing ended at 7:30 so showed up 30 min late looking like a cow with no sandwich #sadness 😅😅😅,1: low amount of anger can be inferred
"Dannie you're a terrible influence, piercing time😂💉",0: no anger can be inferred
@WhiteJennyB @EmreUslu jenny white  u r the dumbest here .. What r u trying ? Get lost..,3: high amount of anger can be inferred
@LoveMyFFAJacket FaceTime - we can still annoy you 😂,0: no anger can be inferred
"His interlocutor burst out laughing several times at his answers; and more than ever, when to the question, ‘ whether he had been cured?�",0: no anger can be inferred
@jihnwi u literally name us a word close to prostitutes ok oomf...... 😰,0: no anger can be inferred
"O, the melancholy Catacombs quickly wandered about the Rue Morgue, Madman!",1: low amount of anger can be inferred
Not letting anyone anger me or change who I am.,0: no anger can be inferred
"The blackest abyss of despair, Alonzo",0: no anger can be inferred
"Imagine how many ksones are crying right now for not getting tickets 😭 Meanwhile, isones dont even get a chance to go on war for tickets 😭",2: moderate amount of anger can be inferred
Not sure tequila shots at my family birthday meal is up there with the best ideas I've ever had #grim,0: no anger can be inferred
Please stop ruining my depressing memes with your positivity and optimism,0: no anger can be inferred
"again i realize some of you may worry about me being gone so long! fear not, for i have made a new life for myself in the sewers,",0: no anger can be inferred
B4 I couldnt get out of bed or look in mirror Thankful4all the support I have recieved here ImWakingUpHappyNot dreading theday,0: no anger can be inferred
@Cmdr_Hadfield CNN's Wolf Blitzer calls you an American astronaut and you don't correct him? #dissapointed,2: moderate amount of anger can be inferred
#AmericasGotTalent live shows with so many technical faults #disheartening,1: low amount of anger can be inferred
"@vinsquat67 It was indeed, I was raging at the verdict. Can't imagine how the poor lassies family felt.",2: moderate amount of anger can be inferred
3 and a half hour more 😤 #EXO,0: no anger can be inferred
@duthie @Carabao_Cup Lets not mention this again! #QPRvBRE ,0: no anger can be inferred
What does Amelia want?! Sarah was v grateful  #CBB,0: no anger can be inferred
If @TheRock's Presidential run is as bad as his appearance in #Baywatch neither party need fear his run. That's $8 I'll never get back #crap,2: moderate amount of anger can be inferred
"Like I might've set it down on top of my car &amp; if so, that shit is long gone 😭 ",2: moderate amount of anger can be inferred
@Ben_Ripley42 I dont know but you seem to have annoyed her 😄,1: low amount of anger can be inferred
"when everyone you know has died because of a treaty you had no involvement in drawing up, you get an enormous amount of fury",2: moderate amount of anger can be inferred
Fucking fuming is an understatement,2: moderate amount of anger can be inferred
"@RoflCritic @NBTDilli @SudamaNBT ,BJP MCD busy collection of suvidha sulk from unauthorised colonies",0: no anger can be inferred
Wtf shawty ass on 😤,1: low amount of anger can be inferred
'When the mind is denied the emotional sting of losing it never figures out how to win.' -Jonah Lehrer,0: no anger can be inferred
#LouiseLinton - haters gonna hate keep on being your#fabulous self they'll keep on being  #miserable,0: no anger can be inferred
The way I'm always on twitter at work is a little alarming 🤦🏾‍♀️,0: no anger can be inferred
#depressed Today was bitter sweet watching all the kids go back to school made me really miss my babies. I'm so broke #backtoschool2017,2: moderate amount of anger can be inferred
"Too much caffeine, and I'm dyyyying. #jitters #shakes #paranoia #heartbeat1000 ☕💔",0: no anger can be inferred
Quite possibly the worst anthems I've ever heard in pro sports by both singers. I wish I was deaf. #ASG2017 #mlb #MLBAllStarGame,2: moderate amount of anger can be inferred
"@NitashaKaul @Snehakaul2Kaul so beautiful dear, thanks,everybody knows it is in benefit of India &amp; GOI has done this terror attack as before",0: no anger can be inferred
Definitely something happening today #SolarEclipse2017 #weird #annoyed,3: high amount of anger can be inferred
I haven't lost weight but I appear smaller and I'm pissed 🙄,3: high amount of anger can be inferred
@PayPalUK have well &amp; truly done me over the day before I go on holiday! #fuming,2: moderate amount of anger can be inferred
@Jarrius Send me a FR: Jaygerrr and I'll smoke you on madden when it comes out 😂🤙,0: no anger can be inferred
I just watched the video that i took at troye's concert last year during happy little pill and now im crying i miss him @troyesivan 😭,0: no anger can be inferred
"@NewsByKatherine @jonkarl @ABC YOU GUY'S SOUND astounded!! Does anyone working w Trump WH have an any ethical,moral, values? 🙈🙉🙊",0: no anger can be inferred
#revenge marathon has begun ⚡,1: low amount of anger can be inferred
Hearing the Song by Phone glued to ears like if the singer spoke to me... #mad #mad hahah,0: no anger can be inferred
@0510Keisuke devour the unborn\nhuman rejection\nfrom wrath to ruins,2: moderate amount of anger can be inferred
Time for a #burst #burstcoin fork??,0: no anger can be inferred
Is it supposed to be this arduous to interact with other people? I'm 'other people' to them and they don't seem to struggle. ,0: no anger can be inferred
"When I think about Yondu &amp; his crew, Rocket, &amp; Groot doing 700 jumps to Ego planet, I start laughing.",0: no anger can be inferred
"@ehtesham_toi @RaviShastriOfc unfortunate decision, our players are more of superstars than cricketers. BCCI scared of their tantrums.",1: low amount of anger can be inferred
"@JusticeWillett Lord, we don't understand tragedy. Do what You do best: bring good grom it and comfort those who mourn. Amen",0: no anger can be inferred
@AGlyndwr @TeaPainUSA All I know is the sentence will start with 'look...' like any high school punk would start a threat.,0: no anger can be inferred
@byunsolo I DIDN'T ASK FOR THIS EITHER IT JUST HAPPENED 😤,2: moderate amount of anger can be inferred
"Blah blah blah Kyrie, IT, etc. @CJC9BOSS leaving Boston is the real news and I am #devastated! #celtics #fave  #someonegetmeajerseyteeasap",2: moderate amount of anger can be inferred
Nah but as a governor how do you call someone a bum &amp; that you love calls from 'communist in Montclair' ? 😂 #crying,1: low amount of anger can be inferred
Can't Talk To An Incompetent Person. Goes In One Ear and Out The Other. #irritated #NoPoint #MassiveEyeRoll,3: high amount of anger can be inferred
i've been to 1 and 1/3 of my classes today and i am already,0: no anger can be inferred
was one moron  driving his oversize tonka truck with the big flag in the bed back and forth blaring country music. 😐 #disappointment,2: moderate amount of anger can be inferred
EEEEEKKKK!!!!\nProduct LAUNCH 😍✋💖\nI'm am literally B•U•Z•Z•I•N•G!!!\nSingle sachets 😍😍\n \nMessage me for yours! 😜🙆💜#loveyourlifestyle #shakes,0: no anger can be inferred
@FFigureFBust How so? I've been thinking of getting it done and now you've given me a frighten.,0: no anger can be inferred
The sound of rain is pretty peaceful when you're in a very annoyed mood 😅,0: no anger can be inferred
A programmer’s wisdom is understanding the difference between getting program to run and having a runnable program.  #puppy,0: no anger can be inferred
@1720maryknoll I was #fuming Kenny.,2: moderate amount of anger can be inferred
@shanedawson @JeffreeStar @JessButtafuoco No offense but.. Jeffee looks like a pink demon😂,0: no anger can be inferred
@comrade_islaboy HAHAHAHAHA. Hornet's nest. Let them sting each other.,0: no anger can be inferred
"coffee the floor; And the soul grew furious as the stillness broken by little,",0: no anger can be inferred
"When Duane Allman died, I learned to appreciate Stevie Ray Vaughan. True story.  #blues #legends",0: no anger can be inferred
"@SRuhle @MSNBC Sebestian Gorka, what a arrogant A~hole! Has no business speaking! ",3: high amount of anger can be inferred
Protesters in Brazil are burning effigies of their President. He and some of his cabinet are under investigation for corruption. #sabcnews,0: no anger can be inferred
@skh4808 @theveteran425FA @TomiLahren Then why'd they wait until now to start getting pissy?,2: moderate amount of anger can be inferred
"@thatradiogeek That is a tremendous thing to wake up to and read, man. Glad to hear it, as we need WAY more people helping with this.",0: no anger can be inferred
@freemanstanzan2 you're a cowan... that means you're a slimebag. I wouldn't trust you as far as I could throw you. #arsehole @StuartHarker1,3: high amount of anger can be inferred
Holding on to anger is like drinking poison and expecting the other person to die.\n#KissablesLoveSMShopmag\nAllOutDenimFor KISSMARC,0: no anger can be inferred
@Brennan_PB Backs up what I always thought ... yer all as mad as each other 😂,0: no anger can be inferred
"1/If the Church is being attacked with such fury, and from the inside, that means that the Church is exactly what we need to belong to!",0: no anger can be inferred
"Don't let hatred grow in you, otherwise everything in your life will be affected. It will distract &amp; anger you. It will often end in regret.",0: no anger can be inferred
Oh @BentleySystems what hast thou done to thy configurations? #despair,2: moderate amount of anger can be inferred
"since the last episode of fight for my way is airing tonight &amp; taekook will probably watch it together, do y'all think jk might take revenge",0: no anger can be inferred
And I will eat the end of term chocolates we bought as well! #fuming #doesntdeservethem #mightbedead,1: low amount of anger can be inferred
Look upon mine #affliction &amp; my ​​​#pain​; &amp; forgive all my sins. -Ps 25:18,0: no anger can be inferred
Good morning and happy Tuesday! I hope you have a terrific day! Enjoy it tons 😃,0: no anger can be inferred
Very high bond for unrelated offense.  Cops and FBI are digging on a property. Me fears this doesn't end well for families,0: no anger can be inferred
"I click on download on my PC. Message says 'Thank you for downloading #iTunes \nSo, where's the download?! #frustrated ",3: high amount of anger can be inferred
Chyna didnt respond to rob cus she knew damn well she was plottin. But i knew he hurt her deeply with that revenge porn,0: no anger can be inferred
Letting go of anger is key to happiness. Please help me let go of these angry feelings. #happiness #anger,0: no anger can be inferred
@mickyrivera29 interesting but a transfer too costly. You can only irritate others when you get a top talent for a low/ avg fee,2: moderate amount of anger can be inferred
#NAME?,0: no anger can be inferred
@IainDale @LBC The only word worse than 'moist' in my opinion is 'scrape'. #ugh #shudder,2: moderate amount of anger can be inferred
"@AChubbyPanda *He would growl softly and licks his lips.* 'if I need to prove myself, I think we might need to go somewhere private.'",0: no anger can be inferred
"Won't be watching ESPN anymore, they took Robert Lee off because of HIS name, PC Police, what insanity! more #hatred #bigots #LeftwingNutJob",3: high amount of anger can be inferred
Also my 80s megamix ain't so mega tonight,0: no anger can be inferred
@Jack_Septic_Eye Grass growing simulator is offended,1: low amount of anger can be inferred
"That was absolutely the two worst National Anthem singers I've ever heard, both of them screwed up the words #awful",3: high amount of anger can be inferred
@JohnMayer No DSM shows. #sadness,1: low amount of anger can be inferred
@ScottAdamsSays broke it down on #snap great analysis on #CNBC,0: no anger can be inferred
"Leviticus 19:14\nYou shall not curse the #deaf or put a stumbling #block before the #blind, but you shall #fear your #God: I am the [1/2]",0: no anger can be inferred
Seriously about to smack someone in the face 😵 #arsehole,3: high amount of anger can be inferred
Just paid out my arsehole for a couple of New Found Glory tickets but it's gonna be a GREAT start to my birthday weekend 👊,0: no anger can be inferred
@UNESCO Remember not to spread #hatred and #fakenews on the internet. Do not abuse #Hashtag10 for spreading #ArabNationalism!,2: moderate amount of anger can be inferred
#LoiuseLinton has become the female #MartinShkreli. Most hated woman in America. That takes some skill. #entitlement  #notcute,2: moderate amount of anger can be inferred
"5,000 new US #citizens swearing in now! #tears #congratulations",0: no anger can be inferred
@junkersquawker Oh lords. That would have had my blood boiling,2: moderate amount of anger can be inferred
@Activehours I need someone to reply back to me immediately. I am not happy and not getting timely responses through the app! #help ,3: high amount of anger can be inferred
"@SteveBakerHW When it comes to CREDIBLE scare stories George Osbourne is crap, still at it I see.",2: moderate amount of anger can be inferred
@1ncamera @Weehugs @DavidYoungPA @PA Stupidity is part of their proud cultural identity. 😠,3: high amount of anger can be inferred
"People were always afraid that stodgy squares would kill rock and roll, but the only legitimate threat was ever child choruses.",0: no anger can be inferred
#Rage and #disappointment man.... Is that life or what? Lol,2: moderate amount of anger can be inferred
So great havin @SamGowland123 back on our screens 😁😁 and fingers crossed @MikeThalassitis goes for Georgia 🤞😂 #revenge #loveisland,0: no anger can be inferred
@praddy06 sir.. will we have the need for umbrella today evening.. sun seems to be stronger to pave way for clouds.. 😟,0: no anger can be inferred
Why are girls so bad at letting shit go? That's prolly why they're moody. They're all built up with grudges and anger and regret. 😂,2: moderate amount of anger can be inferred
#Worry never robs tomorrow of its #sorrow; it only saps today of its #strength - A. J. Crown #faith #positive #motivation,0: no anger can be inferred
today i feel like an exposed wire dangerously close to another exposed wire and any provocation will fry me,2: moderate amount of anger can be inferred
@rosieblossoms_ What a miserable piece of shit 😡,3: high amount of anger can be inferred
"@devlinjim @SophieLong01 What about Daniel 7:9? - his throne was like the fiery flame, and his wheels as burning fire.",0: no anger can be inferred
Got woken up by a road sweeper I was trying to sleep ,2: moderate amount of anger can be inferred
maybe me and joey should have ignored each other on tinder and posted it on social media for a trip to Hawaii ☹️ #bitter,2: moderate amount of anger can be inferred
@NRO @Acosta @CNN @realDonaldTrump remember when NRO gave CNN grief about their relentless HC email crusade? me either.,1: low amount of anger can be inferred
"﻿2|206|When it is said to him, 'Fear Allah', He is led by arrogance to (more) crime. Enough for him is Hell;-",2: moderate amount of anger can be inferred
WAIT...Lawrence's friend dragged the fuck outta him!! ,2: moderate amount of anger can be inferred
"If you are going to be a nurse, learn to be a nice patient person, Jesus 🙃 ",0: no anger can be inferred
Can't drink all day if u don't start in the morning .. Drake gets me 😛,0: no anger can be inferred
@3lectric5heep Well that must sting doesn't it @CNN ?,0: no anger can be inferred
I have actually watch drugs destroy an entire family 😢Mother's on skid row. Oldest daughter lost her child. Father is estranged. #horrific,2: moderate amount of anger can be inferred
If you build up resentment in silence are you really doing anyone any favors,0: no anger can be inferred
"Or all of it, with our displeasure pieced, #shakespeare",0: no anger can be inferred
#Twitter these days is just a massive critical debate on those that people don't like #annoying #depressing and #dull 😑,2: moderate amount of anger can be inferred
"If u #smile too much😀\nu get frown lines,\nif u #cry too much😣 \nu get eye wrinkles,\n\n🔂 laugh&amp;cry\n\n ...it's #life 💗\n\nHave a great day\n\n🍯🐝's",0: no anger can be inferred
Why does @DANCEonFOX get rudely interrupted by the worst thing ever imaginable?!? Ugggg #irritated,3: high amount of anger can be inferred
if you wake up somewhere else...you will know some #arsehole has pressed a button ;),2: moderate amount of anger can be inferred
Totally scare for this upcoming results .,0: no anger can be inferred
James Clapper 'scary and disturbing'.  #25thAmendmentNow #ImpeachTrump  #terrified #nuclearcodes  #Godhelpus,2: moderate amount of anger can be inferred
Remember your identity is in Christ. Give the sting of rejection to Christ. He’s been there he’s done that and He has the scars to prove it.,0: no anger can be inferred
"Baby, I'm dancing in the dark",0: no anger can be inferred
How do you feel about @Snapchat new feature #SnapMap 👎👍❓ #twitterpoll #polls #vote #Poll #Snapchat  #twitter #tech #technology,0: no anger can be inferred
Everything I order online just comes looking like a piece of shit 😤,3: high amount of anger can be inferred
The next time I go to Lagos I will gate crash somebody's owambe dressed in lace and gele to eat amala and shake my waist😑,0: no anger can be inferred
@gunghoindallas Proverbs 8:13\nThe #fear of the #Lord is to hate #evil; Pride and #arrogance and the #evil #way And the perverse #mouth [1/2],0: no anger can be inferred
Alright Alex and I have party boy neighbors who blast music ,0: no anger can be inferred
"I live 30 miles away from work, &amp; arrived to realise laptop is still on the bed.",2: moderate amount of anger can be inferred
And I'm really pissed the fuck off because I do a good job of keeping my kid well because I don't like to see her sick and sad.,3: high amount of anger can be inferred
Something #awestruck me today as i was laughing to a non subtitle korean variety show...,0: no anger can be inferred
@rizikxo @estherolo_ @Corinnetuc17 @ING Her reasonings behind this.,0: no anger can be inferred
re: thread of that brit freaking out over minor cultural differences - your indignation would be cuter without the imperialist undertones,1: low amount of anger can be inferred
why don't the kids on my street have msn or something to play on instead of enjoying themselves outside #bitter #shush,2: moderate amount of anger can be inferred
"That you have banished your own sadness, the way I am? #somber",0: no anger can be inferred
@andyfleming83 Bastard squirrels. 😡,3: high amount of anger can be inferred
@chelseanews4you Best of luck blues army make us feeling goofy this season again  BLUES TILL ETERNITY,0: no anger can be inferred
Literally hanging on by a thread need some taylor ray tonight loving a bad dog sucks #taylorrayholbrook #hurting @TaylorRaysTweet,2: moderate amount of anger can be inferred
"@nextofficial placed order for nearly a grand SIX weeks ago, called yesterday, order 'missing' and no call back today! #shocking",3: high amount of anger can be inferred
"@UKSportsZone In other words, I don't like the result of the poll so I'm packing up my polls &amp; taking them home while I pout. 😂😂😻 #bbn",1: low amount of anger can be inferred
"When the lights shut off and it's my turn to settle down, my main concern...",0: no anger can be inferred
when we're offended. Lol,0: no anger can be inferred
UP students really out there raging against tuition collection #freeeducationnow,1: low amount of anger can be inferred
Sarah is a complete lunatic. How Chad is still giving her his time is beyond me. #cbb #mad #crazy,3: high amount of anger can be inferred
@AliceT120 @shaney_waney1 @shaney_waney1 u horrible non gender binary boy go fangirl over some mediocre singers who CANT EVEN SUPPORT,3: high amount of anger can be inferred
Get the feeling @Eurosport_UK and @itvcycling might be reviewing showing all stages in full. Poor @robhatchtv @nedboulting 😴😴😴 😉 #dull,0: no anger can be inferred
@ParkerMolloy @KFILE Very misleading heading. Not to mention an agenda driven article. ,2: moderate amount of anger can be inferred
"You can have a certain #arrogance, and I think that's fine, but what you should never lose is the #respect for the others.",0: no anger can be inferred
'your marker teacher'.i looked at him n just burst out laughing i swear these kids will never take me seriously 🤦🏻‍♀️,0: no anger can be inferred
This is because of people like Saleem Sheikh humanity wins over terrorism n hatred #AmarnathYatraAttacked,1: low amount of anger can be inferred
God this match is dull #Wimbledon,1: low amount of anger can be inferred
Why the FUCK have i just saw a Game of Thrones spoiler on snapchat? SOME OF US HAVENT SAW IT YET 🖕🏻🖕🏻🖕🏻🖕🏻🖕🏻 #arsehole,3: high amount of anger can be inferred
At this point I can't tell if I just follow more people in politics on twitter now or if I need new friends. #wheresthefunny #depressing,2: moderate amount of anger can be inferred
If I have to hear one more time how I am intimidate men... I'm going to explode! Why are guys these days so pussified?,3: high amount of anger can be inferred
get the fuck over yourselves. we are the most capable and you wanna sit and sulk in your bullshit and fear of failure honestly fuck yourself,3: high amount of anger can be inferred
.@PreetBharara's Twitter barbs are both insightful and delightful to read; hell hath no fury like a crusading prosecutor scorned,0: no anger can be inferred
What is this miserable ass weather all about 😭 dark and gloomy #depressing #weekoff #wheresthesun,3: high amount of anger can be inferred
It's such a strange juxtaposition of emotions. A sense of euphoria but a sense of out most despair.,1: low amount of anger can be inferred
Afridi !!! 100 off 42 !! #mad,2: moderate amount of anger can be inferred
I’m so glad I’m not like some of the sad people online who gossip and bully others for their entertainment because they have no life.,0: no anger can be inferred
a lot of universities actively discourage even just one part-time job because it has a negative impact on studies--,0: no anger can be inferred
@virtualalien there are more #frightening things in life\n\n#BeyondTheSphereOfReasonableDoubt,1: low amount of anger can be inferred
@WDA_Punisher @SgtDangerCow @Battlefield I think so too. \nCasual audience was particularly unhappy with server admins and server rules.,1: low amount of anger can be inferred
Selling nudes pics and vids kik me to buy! Dirty_becca69\n\n#kik #kikme #kikusernames #snap #snapchat #findom #nudes #slut #kiktrade #horny,0: no anger can be inferred
So @Ryanair site crashes everytime I try to book - how do they help? Tell me there's nothing wrong &amp; hang up #furious #helpless @SimonCalder,2: moderate amount of anger can be inferred
"Shooting more than ever, making more mistakes than ever but I jumped in the pool of sharks a long time ago.  #relentless *#resilient",0: no anger can be inferred
"Beware the wrath of an angry, frustrated, #agile grandma with a network. 👵🏼😡 I'm just sayin'. #objectlesson",2: moderate amount of anger can be inferred
#anxious don't know why ................. #worry 😶 slowly going #mad hahahahahahahahaha,1: low amount of anger can be inferred
work is going to kill me and 5 o'clock is nowhere near 😟,2: moderate amount of anger can be inferred
Migraine hangover has to be the worst thing ever 😣 #burst,2: moderate amount of anger can be inferred
"@CNN @NewDay If #trump #whitehouse aren't held accountable for their actions,what precedent is being set for future presidencies. #nightmare",0: no anger can be inferred
@CTAFails @cta is it ok for your drivers to smile not open the door and drive off ,0: no anger can be inferred
y'all don't understand. this woman's wrath is REAL. 🌹🖤,0: no anger can be inferred
Each and every time I log on to that website to view the Lindsey Vonn pics I am #saddened by the courseness of our culture.,2: moderate amount of anger can be inferred
@Chawndi @YouTube can i ask im trying to pout a code on csgo roll i cant when i pout the code its red color.. help pls,1: low amount of anger can be inferred
@theAliceRoberts @FryRsquared @AdamRutherford They've obviously never tried 'repressing' a red head #fiery,2: moderate amount of anger can be inferred
My best friends driving for the first time with me in the car #terrifying,0: no anger can be inferred
@wizkidayo Bro u just dey burst my brain Bro I need u 2 pls end everything rift BTW u nd my hommie davido pls Bro 4 d sake of luv.,0: no anger can be inferred
@LogicIsPowerful Not all of them are bad. But I support your right to offend them all.,0: no anger can be inferred
@rachelkennedy84 @callummay @Ned_Donovan @JeyyLowe @jimwaterson @dats Can it do the bell ringing and incense at consecration?,0: no anger can be inferred
"@chrisyour Don't be sad, ultimately it's apparently not supported completely but mostly working :-)",0: no anger can be inferred
I'm sorry but also...fuck you #currentfeels #anger #bpd #eupd #borderliner #mentalhealth #anxiety #depression #confused,3: high amount of anger can be inferred
"Went to bed a 1:30, fell asleep after, my niece started crying at 4. I'm dying... 😧",2: moderate amount of anger can be inferred
@elebelfiore Isn't it always about control and mistrust?,0: no anger can be inferred
I am shy at first.It usually takes me a few minutes to assess the jaw of the people i am hanging out with and then i will act according🤷🏽‍♀️,0: no anger can be inferred
I like the #glow in the #dark #fidgetspinner. Not because it glows the dark neither. It feels more lighter and smoother than the others,0: no anger can be inferred
@washingtonpost @silvajanes How awful!!!!!!,2: moderate amount of anger can be inferred
"I always bounce back, life goes on man..I refuse to sulk in negativity. Yesterday's problems are just that, it's always a new day 🤗",0: no anger can be inferred
"i don't understand ppl who save wasps , next chance that lil dude gets he gnna sting ur grandma",0: no anger can be inferred
"If you sit back, watch &amp; listen to every .@TheDemocrats &amp; .@DNC member, you'll quickly learn it's #Victimhood, #racism, &amp; #hatred. I'm #WOKE",2: moderate amount of anger can be inferred
"@RanaAyyub @rajnathsingh Oh, hidden revenge and anger...I rememberthe time,she rebutted you.",2: moderate amount of anger can be inferred
Chelsea and united must be furious,1: low amount of anger can be inferred
Some 'friends' get bitter when it seems your life is moving better than theirs.,2: moderate amount of anger can be inferred
I swear to god my husband is gonna get us murdered by someone with road rage because he drives like he's in the Indy 500,3: high amount of anger can be inferred
When did it all started? All these depression &amp; anxiety shits?All these suicide thoughts?All of these bad thoughts thts hugging me at night?,2: moderate amount of anger can be inferred
"I think 'Sleep' is my favorite from How did we get so dark?, maybe because I'm insomniac",0: no anger can be inferred
"So happy to be home from Ibiza the place is some thing else mad gaff that , need find a bird now I wanna start doing romantic things now 😂😂",0: no anger can be inferred
@MikeAndMike @Buster_ESPN if you get time.. @Orioles buyers it sellers or what are we going to do!!?! #panic,2: moderate amount of anger can be inferred
I wish EVERYONE could see how #MSNBC #CNN talked over trumps speech.  You ALL should be ashamed of the along with the sheep followers. ,1: low amount of anger can be inferred
@GILMONK1 Maybe to stand in the field to scare away the crows,0: no anger can be inferred
"guess who stayed up until 2am just incase someone called but they never did like i knew already , it's me, mistakes were made",0: no anger can be inferred
We musn't allow bitterness and anger to make our hearts infertile to God’s gifts.,0: no anger can be inferred
and i shouldve cut them off the moment i started hurting myself over them :o,2: moderate amount of anger can be inferred
Are u sad or upset?,0: no anger can be inferred
@AshleyEmrick Whatever floats your incense boat.,0: no anger can be inferred
"@LeahRemini  A 'religion' that pushes people to suicide, and punishes you for doing the right thing?? #heartbreaking",2: moderate amount of anger can be inferred
I'm soooo annoyed. Wait to start my morning.,3: high amount of anger can be inferred
I wont rt things that might offend your faves bcs I'm better than that,0: no anger can be inferred
@sophieathertonn @lillynewtonx That's actually awful! You are in for a treat when you get home tho!!,0: no anger can be inferred
if not then #teamchristine bc all tana has done is provoke her by tweeting shady shit and trying to be a hard bitch begging for a fight,2: moderate amount of anger can be inferred
Perks of having that shit: I lost a friend somewhere along in the bitterness,3: high amount of anger can be inferred
@KicchaSudeep No words Sir... Thank you for the concern..,0: no anger can be inferred
Time to #impeachtrump . He is #crazy #mentally #sick and spews #hatred . #America is in trouble with him having #access to #nuclearcodes 👎👎,3: high amount of anger can be inferred
"Had frustration dream that left me utterly f**king furious. Plus side: so angry couldn't sleep, wrote 1500 words. Minus side: still raging!",3: high amount of anger can be inferred
"@TorridFashion I love you, but between online order drama and your horrible hold music I have a bit of a shopping induced headache. #annoyed",3: high amount of anger can be inferred
quick note about insta stories how the f do you expect me to read a paragraph of a caption in 1 second ????????????,1: low amount of anger can be inferred
#revenge or #Change . You #ChooseASide for your country #India,0: no anger can be inferred