Tweet,Intensity Class
Good morning and happy Tuesday! I hope you have a terrific day! Enjoy it tons 😃,0: no fear can be inferred
Someone's nicked my lunch out the fridge at work!! Roast dinner as well! #fuming,0: no fear can be inferred
@jihnwi u literally name us a word close to prostitutes ok oomf...... 😰,0: no fear can be inferred
"@AlisonMoyet Knock, knock!\nWho's there?\nA guard\nA guard who?\n...do, do, push pineapple, shake a tree...\n\nI'll shut up now.",0: no fear can be inferred
@LogicIsPowerful Not all of them are bad. But I support your right to offend them all.,0: no fear can be inferred
"If u #smile too much😀\nu get frown lines,\nif u #cry too much😣 \nu get eye wrinkles,\n\n🔂 laugh&amp;cry\n\n ...it's #life 💗\n\nHave a great day\n\n🍯🐝's",0: no fear can be inferred
Caleb had a nightmare about zombies. I had a dream about freedom.......,0: no fear can be inferred
@LoveMyFFAJacket FaceTime - we can still annoy you 😂,0: no fear can be inferred
"@AleOfATime It would be shocking, but it's simply evidence of another entity entering a market assuming cash alone wins the game.",0: no fear can be inferred
"Even in an incomplete state, the Ten-Tails possesses immense physical strength and is remarkably fast, despite its tremendous size.",0: no fear can be inferred
@WhiteJennyB @EmreUslu jenny white  u r the dumbest here .. What r u trying ? Get lost..,0: no fear can be inferred
Today is gonna be terrible I can feel it,2: moderate amount of fear can be inferred
@annakingradio Is that the new studio kit? I'd be terrified of pressing the wrong button and launching something dangerous! 😊,3: high amount of fear can be inferred
@TheEllenShow I follow you bc your TV show keeps me laughing🤣.  When you #startle your guest sitting on that couch...booo...,0: no fear can be inferred
"again i realize some of you may worry about me being gone so long! fear not, for i have made a new life for myself in the sewers,",0: no fear can be inferred
Just passed a bus with an advert for Paw Patrol live on it. I need therapy after just thinking about taking miss e to it. .,0: no fear can be inferred
Alaina and I are at 90 days on our snap streak. So?,0: no fear can be inferred
@JuliaHB1 @talkRADIO culture &amp; language already protected.\n£ on 'promoting Welsh' better spent on Tourism or our dreadful schools ed record,1: low amount of fear can be inferred
"aleesha—kitchen sink, twenty one pilots (!!)",0: no fear can be inferred
@rachelkennedy84 @callummay @Ned_Donovan @JeyyLowe @jimwaterson @dats Can it do the bell ringing and incense at consecration?,0: no fear can be inferred
🇿🇦has become a place where people even the most timid of us all are baying for blood around every corner.,0: no fear can be inferred
"@jamesmb @DonaldJTrumpJr His knife is clean. He is tough enough to fire a gun, but not tough enough to get his hands dirty. #awful",1: low amount of fear can be inferred
And I'm really pissed the fuck off because I do a good job of keeping my kid well because I don't like to see her sick and sad.,1: low amount of fear can be inferred
@AGlyndwr @TeaPainUSA All I know is the sentence will start with 'look...' like any high school punk would start a threat.,1: low amount of fear can be inferred
My boyfriend is my whole world 😭,0: no fear can be inferred
You would think booking a holiday for 2 you'd be sat next to each other on the bloody plane #fuming 😡@ThomsonHolidays,1: low amount of fear can be inferred
3 and a half hour more 😤 #EXO,0: no fear can be inferred
Look upon mine #affliction &amp; my ​​​#pain​; &amp; forgive all my sins. -Ps 25:18,0: no fear can be inferred
@wengzyjb I don't even know na naa koy beautiful nightmare hahahaha oks,0: no fear can be inferred
Migraine hangover has to be the worst thing ever 😣 #burst,0: no fear can be inferred
Coulda sworn it was Interview With A Vampire. Hmmm......Mandela Effect anyone? \n#interviewwithavampire #annerice #books #horror #ilovevamps,0: no fear can be inferred
@President1Trump The ignorance of the left is shocking,0: no fear can be inferred
@3lectric5heep Well that must sting doesn't it @CNN ?,0: no fear can be inferred
Hearing the Song by Phone glued to ears like if the singer spoke to me... #mad #mad hahah,0: no fear can be inferred
@ThomasEWoods I would like to hear a podcast of you going off refuting her entire article. Extra indignation please.,0: no fear can be inferred
Hey @NHSEngland imagine being blue lighted to hospital unable to breathe only to be dumped in a cubicle and not seen for 4 hours #horrendous,2: moderate amount of fear can be inferred
"Wrapped In This Burrito, Gotta Sweat This All Out 😰",0: no fear can be inferred
@TheDemonWriter #terrible lol I'm kidding,0: no fear can be inferred
#anxious don't know why ................. #worry 😶 slowly going #mad hahahahahahahahaha,2: moderate amount of fear can be inferred
Hes no even scared of em anymore 😂,0: no fear can be inferred
"If you are going to be a nurse, learn to be a nice patient person, Jesus 🙃 ",0: no fear can be inferred
"Leviticus 19:14\nYou shall not curse the #deaf or put a stumbling #block before the #blind, but you shall #fear your #God: I am the [1/2]",2: moderate amount of fear can be inferred
@MailSport Stunningly bad #horrible,1: low amount of fear can be inferred
Please stop ruining my depressing memes with your positivity and optimism,0: no fear can be inferred
#Trump's only #concern is personal #profit through his #brand and doing #favors for others in trade for his own needs. Not #US #people.,0: no fear can be inferred
Ugh. What's wrong with me today? Feel absolutely dreadful 😓 I wonder if I'm fighting something off...? Roll on home time.,3: high amount of fear can be inferred
Okay @BTS_twt it was fun and all you can change your layout back to something goofy and domestic as usual pls I'm intimidated rn,0: no fear can be inferred
#Worry never robs tomorrow of its #sorrow; it only saps today of its #strength - A. J. Crown #faith #positive #motivation,0: no fear can be inferred
@andyfleming83 Bastard squirrels. 😡,0: no fear can be inferred
@Ragga_Storm #red is #dread love it,0: no fear can be inferred
horrid,2: moderate amount of fear can be inferred
"@angrydwarf9 @carolinesandall It ruins my frigging night each night at 9pm. Mrs loves it, i've been early to bed for a month. #dreadful",2: moderate amount of fear can be inferred
@TheView Joy isn't a comedian. She's a bully for fat shaming the governor. Great example she's setting for her grandson.,0: no fear can be inferred
And the United fan boys cover their eyes in horror,1: low amount of fear can be inferred
I just watched the video that i took at troye's concert last year during happy little pill and now im crying i miss him @troyesivan 😭,0: no fear can be inferred
@callmekarizma I take a huge nursing school test today and I'm so nervous,3: high amount of fear can be inferred
"Theme of week: Ask the Lord for strength &amp; perspective to persevere in #integrity and effort, despite being #disheartened &amp; disappointed.",0: no fear can be inferred
was one moron  driving his oversize tonka truck with the big flag in the bed back and forth blaring country music. 😐 #disappointment,0: no fear can be inferred
"The entire Universe outside our galaxy could completely disappeared over 20,000 years ago and we still wouldn't know it yet.. #terrifying",3: high amount of fear can be inferred
"@FangornForest1 @Brexit whose customers love it. Imagine being a hack these days, having to sing the tune the paymaster calls. #dismal",0: no fear can be inferred
"Brighten up a gloomy day with a @SiennaXOfficial spray tan, we have a tan to suit everybody! #spraytan #tan #summer #godalming #hurtmore",0: no fear can be inferred
"Over 4 million acres to live, there's no reason #Idaho residents should #fear #wolves. #Help prevent them from becoming #endangered again.",2: moderate amount of fear can be inferred
"Not only has my flight been delayed numerous times, we have not been provided with a snack cart #horrific",1: low amount of fear can be inferred
It's such a strange juxtaposition of emotions. A sense of euphoria but a sense of out most despair.,2: moderate amount of fear can be inferred
@vvxaii i feel shy to call you a friend your a sister💙💙,0: no fear can be inferred
@JudicialWatch What a shake down operation!,0: no fear can be inferred
"@F1 Why announcing so late, it will be hard to make it from Manchester and organising a day off. #sad",0: no fear can be inferred
@theAliceRoberts @FryRsquared @AdamRutherford They've obviously never tried 'repressing' a red head #fiery,0: no fear can be inferred
@theIeansquad @SatanHeavenly Rap is so unbearable and horrific.,2: moderate amount of fear can be inferred
#LouiseLinton - haters gonna hate keep on being your#fabulous self they'll keep on being  #miserable,0: no fear can be inferred
"@JackRuff4 They have this horrible pudding here. Butterscotch pudding on Mondays, it's dreadful. #Fringe",2: moderate amount of fear can be inferred
Morgan just cracked her toe knuckle at me. ,0: no fear can be inferred
"It could be soul-crushing despair, but it also might just be the marshmallows I had for breakfast",0: no fear can be inferred
@1ncamera @Weehugs @DavidYoungPA @PA Stupidity is part of their proud cultural identity. 😠,0: no fear can be inferred
@WDA_Punisher @SgtDangerCow @Battlefield I think so too. \nCasual audience was particularly unhappy with server admins and server rules.,0: no fear can be inferred
The sound of rain is pretty peaceful when you're in a very annoyed mood 😅,0: no fear can be inferred
"ARMYs we see you working hard to keep BTS on the Social 50 chart!\nDon't feel discouraged, it's still amazing that BTS is #2 with no promos 💕",0: no fear can be inferred
Theo's comment at the end😂 do one Tyla. #horrid #loveisland,0: no fear can be inferred
Jeong su is easy to get along with everybody likes him and not intimidated by him.. I like him.. he reminds me of seunghoon,0: no fear can be inferred
Interesting briefing this evening to learn how to shape housing policy in #Epsom&amp;Ewell upto 2032 and @EpsomEwellCA Cllrs absent,0: no fear can be inferred
Totally scare for this upcoming results .,3: high amount of fear can be inferred
I'm back on Twitter! #madden #madden18 #maddenmobile #ea #nfl #espn #packers,0: no fear can be inferred
Can't Talk To An Incompetent Person. Goes In One Ear and Out The Other. #irritated #NoPoint #MassiveEyeRoll,0: no fear can be inferred
Worst dreams. 😥,2: moderate amount of fear can be inferred
People #honk like #idiots. Culture less indisciplined #Traffic #india #backtoreality #nightmare,2: moderate amount of fear can be inferred
@Cmdr_Hadfield CNN's Wolf Blitzer calls you an American astronaut and you don't correct him? #dissapointed,0: no fear can be inferred
"Wow! Today, totally seeing alot of #mean #people out in this #world! Turn it around and #start cultivating #kindness! #SuccessTRAIN #warrior",0: no fear can be inferred
Man I feel like crap today 😰,2: moderate amount of fear can be inferred
If God had a plan he would've made already #discouraged,2: moderate amount of fear can be inferred
@foodfromthesky Hi! I'm curious as to what happened to your growing space in crouch end? Is it just empty?!,0: no fear can be inferred
Is it supposed to be this arduous to interact with other people? I'm 'other people' to them and they don't seem to struggle. ,0: no fear can be inferred
"So happy to be home from Ibiza the place is some thing else mad gaff that , need find a bird now I wanna start doing romantic things now 😂😂",0: no fear can be inferred
"When Duane Allman died, I learned to appreciate Stevie Ray Vaughan. True story.  #blues #legends",0: no fear can be inferred
"#Terrorism has a religion, They terrorise in the name of religion. And we say terrorism has no religion, bcoz of #terror 😁😁😁",1: low amount of fear can be inferred
I’m so glad I’m not like some of the sad people online who gossip and bully others for their entertainment because they have no life.,0: no fear can be inferred
"Imagine how many ksones are crying right now for not getting tickets 😭 Meanwhile, isones dont even get a chance to go on war for tickets 😭",0: no fear can be inferred
@fadedmerrell @MerrellMilitary @HibaDahibi HAHAHA ok ill back away #coy,0: no fear can be inferred
"@UKSportsZone In other words, I don't like the result of the poll so I'm packing up my polls &amp; taking them home while I pout. 😂😂😻 #bbn",0: no fear can be inferred
"@JoyceMeyer @mrsglessman #day of #vengeance of our #God; To #comfort all who #mourn, To console those who #mourn in #Zion, To give [4/7]",0: no fear can be inferred
"They are building a shell command on a server, combining that with user input, and then executing that in a shell on the client. #shudder",0: no fear can be inferred
Did men call themselves shy and mean it? So I reassure him that I'm just making sure he's a good investment and alla that 🙄,0: no fear can be inferred
It’s lack of #faith that makes #people #afraid of #meeting #challenges …\n\n#MuhammadAli,0: no fear can be inferred
The way I'm always on twitter at work is a little alarming 🤦🏾‍♀️,0: no fear can be inferred
Three more shifts then I start the next part of my tutorship in response #enjoyingthelastfewdays #excited  #newchallanges,0: no fear can be inferred
"4 hours. \n4,189 words.\n1 story.\n#amwriting #horror #publishorperish",0: no fear can be inferred
"@JusticeWillett Lord, we don't understand tragedy. Do what You do best: bring good grom it and comfort those who mourn. Amen",0: no fear can be inferred
"When I think about Yondu &amp; his crew, Rocket, &amp; Groot doing 700 jumps to Ego planet, I start laughing.",0: no fear can be inferred
"Blah blah blah Kyrie, IT, etc. @CJC9BOSS leaving Boston is the real news and I am #devastated! #celtics #fave  #someonegetmeajerseyteeasap",2: moderate amount of fear can be inferred
@theJeremyVine Coffee\n\nNow something else to worry about.,0: no fear can be inferred
How come quiet well behaved cats and dogs have to ride on a plane in a tiny bag while screaming small humans roam free? #outrage #teampet,0: no fear can be inferred
Alright Alex and I have party boy neighbors who blast music ,0: no fear can be inferred
@michaelsloan87 @SkyFootball The disappointment when it's actually a new club sponsor! 😂,0: no fear can be inferred
#faith is like #oil but #fear is like #dust easily blown away,0: no fear can be inferred
@KicchaSudeep No words Sir... Thank you for the concern..,0: no fear can be inferred
Israel's recent overtures towards West Africa seems to be attracting some elements of suspicion...an unnecessary suspicion though.,0: no fear can be inferred
"#Worry, #doubt, #fear and #despair are the enemies which slowly bring us down to the ground and turn us to dust before we die.",2: moderate amount of fear can be inferred
@RGUpdate Have you tried English hospital food ?? #yak #gross ,0: no fear can be inferred
462 appearances in PL and 200 goals!! 2.31 games per goal. That's very nearly a goal in every 2 games #crap 😂😂 🙄🙄🤔🤔 #Rooney,0: no fear can be inferred
Tonight's run.... #restless,1: low amount of fear can be inferred
@niaamh It's horror stories like that that make me so greatful ☺️,0: no fear can be inferred
"@thealexpeace Not bad at All, think may come back to haunt you's",0: no fear can be inferred
Letting go of anger is key to happiness. Please help me let go of these angry feelings. #happiness #anger,0: no fear can be inferred
Wtf shawty ass on 😤,0: no fear can be inferred
@ShiraChess @UMinnPress Congratulations on your book. It looks tremendous!,0: no fear can be inferred
The next time I go to Lagos I will gate crash somebody's owambe dressed in lace and gele to eat amala and shake my waist😑,0: no fear can be inferred
Head hurting 😤,0: no fear can be inferred
That moment when you look back and realise you've been a #selfish #horrible #judgemental person. #FeelingAshamed,2: moderate amount of fear can be inferred
"@ehtesham_toi @RaviShastriOfc unfortunate decision, our players are more of superstars than cricketers. BCCI scared of their tantrums.",0: no fear can be inferred
"That you have banished your own sadness, the way I am? #somber",0: no fear can be inferred
Didn't know the @ChickfilA cow day thing ended at 7:30 so showed up 30 min late looking like a cow with no sandwich #sadness 😅😅😅,0: no fear can be inferred
@_Oteraw unhappy and unfulfilled 😂,1: low amount of fear can be inferred
If @TheRock's Presidential run is as bad as his appearance in #Baywatch neither party need fear his run. That's $8 I'll never get back #crap,0: no fear can be inferred
Time for a #burst #burstcoin fork??,0: no fear can be inferred
"@NewsByKatherine @jonkarl @ABC YOU GUY'S SOUND astounded!! Does anyone working w Trump WH have an any ethical,moral, values? 🙈🙉🙊",0: no fear can be inferred
#dmme #kikme  #sext #horny  #ass #bbw  #naughty  #pussy #kik   #nudes  only  girls  😩 horny  #snap    jacobgigs,0: no fear can be inferred
@AwardsDaily Looks that way.  I don't want to see how Q is going to handle Tate murder.  #shudder,2: moderate amount of fear can be inferred
"5 goals in 87 appearances last season between McKay, Holt and Windass! Simply is horrific! Get midfield balance sorted and team will fire!",0: no fear can be inferred
Quite possibly the worst anthems I've ever heard in pro sports by both singers. I wish I was deaf. #ASG2017 #mlb #MLBAllStarGame,0: no fear can be inferred
"@emmajckson awe thank you (,:",0: no fear can be inferred
@dom_conlon It’s amazing isn’t it. I’m a big fan of B&amp;W but the life these restorations give the photographs is awe inspiring.,0: no fear can be inferred
"Please ruin this party, @NSWRL. #origin #blues",0: no fear can be inferred
-c- and disarmed of her equipment on suspicion of being a potential accomplice to Annie Leonhart.,0: no fear can be inferred
Just paid out my arsehole for a couple of New Found Glory tickets but it's gonna be a GREAT start to my birthday weekend 👊,0: no fear can be inferred
@hdfcergogic yr customer care exec r unable to pull information on l&amp;t insurance #horrible #service #beware #renewal,2: moderate amount of fear can be inferred
and after i got home in such a horrible mood my mom pissed me off the moment i stepped my feet in the house so i really almost go off on her,1: low amount of fear can be inferred
@InvacareCorp has provided tremendous support for the 2017 CEWHA Nationals as one of our Conn Smyth Sponsors. #2017Nationals #Ottawa,0: no fear can be inferred
"When the lights shut off and it's my turn to settle down, my main concern...",2: moderate amount of fear can be inferred
#Spina #Bifida a #neural #tube #birth #defect where the #nervous #system &amp; #spinal #cord do not fully develop #raredisease #June #awareness,1: low amount of fear can be inferred
@FreeBeacon Shows how desperate the Dems are. They always ignore facts and hurl scare tactics.,0: no fear can be inferred
"Baby, I'm dancing in the dark",0: no fear can be inferred
"' i can't even tell u a lie I felt like u were special, till I realized wassup and left, got u feeling dreadful '",1: low amount of fear can be inferred
Something #awestruck me today as i was laughing to a non subtitle korean variety show...,0: no fear can be inferred
Why the FUCK have i just saw a Game of Thrones spoiler on snapchat? SOME OF US HAVENT SAW IT YET 🖕🏻🖕🏻🖕🏻🖕🏻🖕🏻 #arsehole,0: no fear can be inferred
"No better party than #Labour for #lies, #intimidation, #threats &amp; questionable activities, yet somehow they're the #victims? Unbelievable!",1: low amount of fear can be inferred
"I click on download on my PC. Message says 'Thank you for downloading #iTunes \nSo, where's the download?! #frustrated ",0: no fear can be inferred
B4 I couldnt get out of bed or look in mirror Thankful4all the support I have recieved here ImWakingUpHappyNot dreading theday,0: no fear can be inferred
People dread a Snapchat streak with me cos the death threats I send to save it,0: no fear can be inferred
My best friends driving for the first time with me in the car #terrifying,3: high amount of fear can be inferred
@Jericho1864 @Rachllea Thank you. Hope you have a terrific Tuesday!,0: no fear can be inferred
What's worse than feeling discouraged? Not finding an emoji for feeling discouraged,0: no fear can be inferred
@CTAFails @cta is it ok for your drivers to smile not open the door and drive off ,0: no fear can be inferred
Can't stand it when lads put their middle finger up in pics ,0: no fear can be inferred
@realDonaldTrump You've spent more time and energy protecting Michael Flynn than your own son. You're a coward and an awful parent.,0: no fear can be inferred
@wizkidayo Bro u just dey burst my brain Bro I need u 2 pls end everything rift BTW u nd my hommie davido pls Bro 4 d sake of luv.,0: no fear can be inferred
get to 84 and the intruder alarm is going off... lolz one of the PTs set it off 🙈,0: no fear can be inferred
"I feel exhausted ...\nI tried to do a good job, but apparently God does not see me right. I'm weary! I EXIST! 😟💔📢\n#exist #weary #misonorotta",2: moderate amount of fear can be inferred
James Clapper 'scary and disturbing'.  #25thAmendmentNow #ImpeachTrump  #terrified #nuclearcodes  #Godhelpus,2: moderate amount of fear can be inferred
"Edinburgh is fucked\nThis city is a nightmare to drive 'round! 😖\nOne ways, bus lanes, cameras, feckin' trams! Who's idea was that?!",3: high amount of fear can be inferred
"🚨 an alle bike-people in #wien - take care: extrem viele kontrollen momentan, insbesondere ring usw. 🚲 \n #schwarzkappler  #reflektor",0: no fear can be inferred
@gautamravi168 @vijatta @RanaAyyub He may hv driven the bus to the terror hiding.,2: moderate amount of fear can be inferred
Woke up feeling fresh with a clear mind. That's never happened before.\n#morning #sober,0: no fear can be inferred
@elegantlywasted @ChelseaClinton Are they the new kennedy's of American politics.. sadly both mom and daughter are as charming as a toe nail,0: no fear can be inferred
It is beautiful here! I will not falter.,0: no fear can be inferred
Yes @itv2 @LoveIsland putting that Angel @MikeThalassitis back in the villa was the best move #revenge #returnofthemike #LoveIsland #hot,0: no fear can be inferred
You don't know fear until you have clogged the toilet at work and can't find the plunger. #horrifying #bathroom #FirstWorldProblems,3: high amount of fear can be inferred
@meppenbrock @nypost Non-story.\nDaughter tripped home alarm. Cop responded.,0: no fear can be inferred
@ThePerfectBrit || I smell your fear.,1: low amount of fear can be inferred
"People were always afraid that stodgy squares would kill rock and roll, but the only legitimate threat was ever child choruses.",0: no fear can be inferred
"@CNN @NewDay If #trump #whitehouse aren't held accountable for their actions,what precedent is being set for future presidencies. #nightmare",1: low amount of fear can be inferred
"Dannie you're a terrible influence, piercing time😂💉",0: no fear can be inferred
@Cex Waste of time had this before nothing gets done. Won't be using you again #awful,1: low amount of fear can be inferred
"Like I might've set it down on top of my car &amp; if so, that shit is long gone 😭 ",1: low amount of fear can be inferred
Afraid of no one an no one scares me!!! Funk y'all thought image one mans army!! '!,0: no fear can be inferred
I have actually watch drugs destroy an entire family 😢Mother's on skid row. Oldest daughter lost her child. Father is estranged. #horrific,3: high amount of fear can be inferred
@hollloman @nessa_babbby @ajvannozzi97 As half a set of twins I resent that!,0: no fear can be inferred
Obama's 250+ offices of 'Organizing for Action' teaches #TheResistance #protesting #civildisobedience #treason #LOCKHIMUP #OFA,0: no fear can be inferred
'When is it going to be that we start to define our own art?' Black music's relationship with literary tradition at Across Cultures #Mix2017,0: no fear can be inferred
Definitely something happening today #SolarEclipse2017 #weird #annoyed,0: no fear can be inferred
i'll start letting go of everything 'til i'm so far away from you,0: no fear can be inferred
@IH1525 @TiIImxn Literally I'm in awe,0: no fear can be inferred
Still 19 days left before I go home to the Philippines but it feels like i'm waiting for forever.  #HomeSoon #Cebu,1: low amount of fear can be inferred
"You can have a certain #arrogance, and I think that's fine, but what you should never lose is the #respect for the others.",0: no fear can be inferred
Oh @BentleySystems what hast thou done to thy configurations? #despair,0: no fear can be inferred
Everything I order online just comes looking like a piece of shit 😤,1: low amount of fear can be inferred
"Too much caffeine, and I'm dyyyying. #jitters #shakes #paranoia #heartbeat1000 ☕💔",1: low amount of fear can be inferred
@maidinaustralia D: That's horrid. *hugs*,0: no fear can be inferred
EEEEEKKKK!!!!\nProduct LAUNCH 😍✋💖\nI'm am literally B•U•Z•Z•I•N•G!!!\nSingle sachets 😍😍\n \nMessage me for yours! 😜🙆💜#loveyourlifestyle #shakes,0: no fear can be inferred
"Been at work for not even 4 hours and I've thrown boiling tea everywhere, smashed a mug, smashed a milk jug and sliced my finger open😐",2: moderate amount of fear can be inferred
How shit and depressing is this weather wish I can travel the world for a living,2: moderate amount of fear can be inferred
"Worst thing that's happened to you when flying? I had a 16h delay, left my phone in the terminal, and wallet on the plane #nightmare",3: high amount of fear can be inferred
"@NitashaKaul @Snehakaul2Kaul so beautiful dear, thanks,everybody knows it is in benefit of India &amp; GOI has done this terror attack as before",0: no fear can be inferred
anyways so i apologized &amp; i hav rly bad anxiety guys so i just wanted to get out &amp; start my errands so i did &amp; i had to ~uber everywhere~,1: low amount of fear can be inferred
I feel intimidated,2: moderate amount of fear can be inferred
Freakin a...I deleted half the episode of BIP on accident  #bachelorinparadise,0: no fear can be inferred
I'm soooo annoyed. Wait to start my morning.,0: no fear can be inferred
"Stage 10 horror was reminiscent of Rio Oylmpics...route horror, weather horror, crash horror, abandon horrors.",3: high amount of fear can be inferred
@chelseanews4you Best of luck blues army make us feeling goofy this season again  BLUES TILL ETERNITY,0: no fear can be inferred
@praddy06 sir.. will we have the need for umbrella today evening.. sun seems to be stronger to pave way for clouds.. 😟,0: no fear can be inferred
"Had frustration dream that left me utterly f**king furious. Plus side: so angry couldn't sleep, wrote 1500 words. Minus side: still raging!",2: moderate amount of fear can be inferred
Don't fucking tag me in pictures as 'family first' when you cut me out 5 years ago. You're no one to me.,1: low amount of fear can be inferred
@157Gale @GatorDave_SEC I'd be thrilled if he committed but nervous the whole time until NSD. Kid being from Cali makes me nervous.,2: moderate amount of fear can be inferred
@RealSkipBayless Your opinions on sports is dreadful,0: no fear can be inferred
"Listening to these refugee children, barely a decade old, describe the horrific acts they were forced to commit is terrifying. #DatelineSBS",3: high amount of fear can be inferred
I'm so nervous and scared jfnsnzmz,3: high amount of fear can be inferred
WAIT...Lawrence's friend dragged the fuck outta him!! ,0: no fear can be inferred
#NAME?,0: no fear can be inferred
"Fed up of false info from @VodafoneIN mini store, pls hire or franchise ur mini stores to serve customers, not to threaten or force them!",0: no fear can be inferred
and i shouldve cut them off the moment i started hurting myself over them :o,2: moderate amount of fear can be inferred
A trip to the dentist never gets any easier!! #nervous,3: high amount of fear can be inferred
Very high bond for unrelated offense.  Cops and FBI are digging on a property. Me fears this doesn't end well for families,2: moderate amount of fear can be inferred
Not sure tequila shots at my family birthday meal is up there with the best ideas I've ever had #grim,0: no fear can be inferred
Hey @SuperValuIRL #Fields in #skibbereen give your online delivery service a horrible name. 1.5 hours late on the 1 hour delivery window.,0: no fear can be inferred
Are u sad or upset?,0: no fear can be inferred
@badpostyoongi I know for a fact they'll either ignore the fact tiff isn't or change Cindy's background,0: no fear can be inferred
@JohnMayer No DSM shows. #sadness,0: no fear can be inferred
At this point I can't tell if I just follow more people in politics on twitter now or if I need new friends. #wheresthefunny #depressing,1: low amount of fear can be inferred
@arunjaitley pls do the action immediately  against  terror.  Otherwise innocent  people  will die.,2: moderate amount of fear can be inferred
@Activehours I need someone to reply back to me immediately. I am not happy and not getting timely responses through the app! #help ,1: low amount of fear can be inferred
@FFigureFBust How so? I've been thinking of getting it done and now you've given me a frighten.,3: high amount of fear can be inferred
@LoveIsland #loveisand next time there's a dumping get #Olivia out of there! She's #dreadful and not good for Chris,1: low amount of fear can be inferred
@sophieathertonn @lillynewtonx That's actually awful! You are in for a treat when you get home tho!!,0: no fear can be inferred
"+++ '#Dearly #beloved, avenge not yourselves, but rather give place unto #wrath: for it is #written, #Vengeance is #mine; I …' #Romans12v19",0: no fear can be inferred
Get the feeling @Eurosport_UK and @itvcycling might be reviewing showing all stages in full. Poor @robhatchtv @nedboulting 😴😴😴 😉 #dull,0: no fear can be inferred
"guess who stayed up until 2am just incase someone called but they never did like i knew already , it's me, mistakes were made",0: no fear can be inferred
Idea 171 #Privacy is so #vital you could #start a privacy #service,0: no fear can be inferred
"coffee the floor; And the soul grew furious as the stillness broken by little,",0: no fear can be inferred
I've got builders in my office and I have a game to make. Perhaps ill start sketching the next game... #gamedev #indiedev ,0: no fear can be inferred
Why do a certain section threaten war and spit fire and brimstone each time they hear the words “restructuring” and “self-determination”?..,1: low amount of fear can be inferred
@MikeAndMike @Buster_ESPN if you get time.. @Orioles buyers it sellers or what are we going to do!!?! #panic,2: moderate amount of fear can be inferred
#DamilolaOurLovedBoy So upsetting 😢😢. Why do people want to hurt others! Such a cruel world we live in #heartbreaking,1: low amount of fear can be inferred
#Rage and #disappointment man.... Is that life or what? Lol,0: no fear can be inferred
"Very important thing for today: \n\nDo not #bully yourself with #100DaysOfCode \n\nBelieve me, It ruins fun!",0: no fear can be inferred
@SonuKumar876543 Thank you for sharing your concern. Please DM your Jio &amp; alternate number to assist you - Rahul,0: no fear can be inferred
Threaten to leave your girl shaking in a wet spot ....,1: low amount of fear can be inferred
'we need to do something. something must be done!!!!!'\n\nyour anxiety is amusing. nothing will be done. despair.,3: high amount of fear can be inferred
Let's hope the ct scan gives us some answers on this lump today #nervous,3: high amount of fear can be inferred
I need a transcript of trump praying. #terrific Jesus.,0: no fear can be inferred
So now I have to buy a whole new computer ,0: no fear can be inferred
i can already tell molly tryna be fake above shit so she gon deny dude one time then jump on his offer in the end. #insecure,1: low amount of fear can be inferred
Outside has basically become a horror movie where gypsy moths take over the world by flitting aggressively about.\n\n#creaturedoublefeature,1: low amount of fear can be inferred
@Delta.  Are you kidding?  Delayed from 7:30pm to 11:00 - only to cancel it because the pilot is overtime.,1: low amount of fear can be inferred
@silverstein 13th time seeing you guys today and you cancel the meet and greet because of the storm. We're all soaked.. 😡 #dissapointed,1: low amount of fear can be inferred
@1720maryknoll I was #fuming Kenny.,0: no fear can be inferred
So @Ryanair site crashes everytime I try to book - how do they help? Tell me there's nothing wrong &amp; hang up #furious #helpless @SimonCalder,0: no fear can be inferred
How sick must someone be that they wish to 'punish' someone for not being their friend?  #insecure #lonely #miserable #vengeful #RHOC,2: moderate amount of fear can be inferred
@GILMONK1 Maybe to stand in the field to scare away the crows,0: no fear can be inferred
@ananavarro My husband gets up and hour before.  Every day upon opening my eyes I ask him 'did he start WWIII yet?',0: no fear can be inferred
a lot of universities actively discourage even just one part-time job because it has a negative impact on studies--,0: no fear can be inferred
@eben4u #stayed on you...makes you appreciate love worshiping....All i want to do is worship you!!,0: no fear can be inferred
"I mean, not that I wanted goats to faint... but I wanted to see the goats faint.  #eclipse",0: no fear can be inferred
@GarfieldLineker @TimCRoberts *on his back. Apologies for retweeting a tweet with grammatical error #mybad 😱,0: no fear can be inferred
"[ @TheChicMystique ] — hurting badly and that he can't just leave him like that. Angry and heartless. ]\n\nI promise you that I'll be back, —",0: no fear can be inferred
"5,000 new US #citizens swearing in now! #tears #congratulations",0: no fear can be inferred
@chlobiddzx It will come good babe don't worry 😘😘,0: no fear can be inferred
@NRO @Acosta @CNN @realDonaldTrump remember when NRO gave CNN grief about their relentless HC email crusade? me either.,0: no fear can be inferred
@washingtonpost @silvajanes How awful!!!!!!,2: moderate amount of fear can be inferred
Saw my first Larsen trap today with stressed magpie. I NEVER EVER want to see that again  #angry #distressed #wildlife,2: moderate amount of fear can be inferred
"@thatradiogeek That is a tremendous thing to wake up to and read, man. Glad to hear it, as we need WAY more people helping with this.",0: no fear can be inferred
"----- #phobia = irrational fear of or aversion to something. Synonyms: dread, horror, terror, dislike, distaste, aversion BUT not a crime",2: moderate amount of fear can be inferred
"O, the melancholy Catacombs quickly wandered about the Rue Morgue, Madman!",0: no fear can be inferred
So disappointed in myself for spending £50 on an outfit for meeting a boy #noselfcontrol #nervous,2: moderate amount of fear can be inferred
Hmm...looks like no one @Tampax is available to respond. Its like waiting for a #doomsday reply. That #burning question with no #answer,0: no fear can be inferred
"Went to bed a 1:30, fell asleep after, my niece started crying at 4. I'm dying... 😧",1: low amount of fear can be inferred
"@Argos_Online customer service is dreadful, phone bill is huge and get passed from person 2 person and keep taking money off my card #idiots",2: moderate amount of fear can be inferred
@del_krushnic I knw you have a temper paaa lol just chill dear don't be pissed waii or I will else worry u saaa but I'm sorry 😫,2: moderate amount of fear can be inferred
@UNESCO Remember not to spread #hatred and #fakenews on the internet. Do not abuse #Hashtag10 for spreading #ArabNationalism!,0: no fear can be inferred
Paul Ehrlich said that humanity is a threat to all life. Such great news to start the day. If I could blush I would.,0: no fear can be inferred
That said–due to passing the 50yr mark awhile ago–I know most of the #horrific damage to the #planet won't occur before my 'natural' #death.,3: high amount of fear can be inferred
@AliceT120 @shaney_waney1 @shaney_waney1 u horrible non gender binary boy go fangirl over some mediocre singers who CANT EVEN SUPPORT,0: no fear can be inferred
When did it all started? All these depression &amp; anxiety shits?All these suicide thoughts?All of these bad thoughts thts hugging me at night?,3: high amount of fear can be inferred
"Africa has unique and tremendous problems with war, overpopulation, starvation and tribalism which makes moving Africa forward hard.",0: no fear can be inferred
Selling nudes pics and vids kik me to buy! Dirty_becca69\n\n#kik #kikme #kikusernames #snap #snapchat #findom #nudes #slut #kiktrade #horny,0: no fear can be inferred
Chelsea and united must be furious,0: no fear can be inferred
@skh4808 @theveteran425FA @TomiLahren Then why'd they wait until now to start getting pissy?,0: no fear can be inferred
@Jack_Septic_Eye Grass growing simulator is offended,0: no fear can be inferred
Russia story will infuriate Trump today. Media otherwise would be giving him tongue bath for fall of ISIS in Mosul + al-Baghdadi death.,0: no fear can be inferred
"Just waved daughter and her wee friend off to school, walking by themselves #sob #terrifying!",3: high amount of fear can be inferred
She mad sus hung up on me 😂,0: no fear can be inferred
(Kg Nerang) intruder alarm activated (2017-07-11 19:28:05),0: no fear can be inferred
@Zineeta_R @RusEmbUSA @mfa_russia The hatred and fear many russians have for anything non-russian is just sad.,2: moderate amount of fear can be inferred
United Airline at Newark needs more Kiosks so that people won't miss their cut off time.  And hire more ppl too.  #horrible,1: low amount of fear can be inferred
My dog wouldn't stop barking so now I'm up at eight am with a raging headache,0: no fear can be inferred
"#IndiaAgainstIslamists #RadicalIslam possess the danger not only2 #India ,but also 2the world .Its time 4 uprooting the source f #terrorism",2: moderate amount of fear can be inferred
You take a sharp right and stumble on a slavering phoenix whose see-through negligée and empty eye sockets will haunt your dreams forever.,1: low amount of fear can be inferred
if not then #teamchristine bc all tana has done is provoke her by tweeting shady shit and trying to be a hard bitch begging for a fight,1: low amount of fear can be inferred
"@BillMoyersHQ Elderly belong w/family; our social system is broken.  This egregious 'Meancare' will shake it up, alas.",1: low amount of fear can be inferred
How has Berger King gotten away with selling absolute 💩for this many years? #terrible,2: moderate amount of fear can be inferred
@BecOfTheKop Something for me to ignore then. Sounds dreadful.,1: low amount of fear can be inferred
Literally hanging on by a thread need some taylor ray tonight loving a bad dog sucks #taylorrayholbrook #hurting @TaylorRaysTweet,0: no fear can be inferred
Busy day time to go home and #relax still feeling #breathless \n#voiceathlete #dystonia #dysphonia #spasmodicdysphonia  #restvoice \n#sleep,1: low amount of fear can be inferred
"i don't understand ppl who save wasps , next chance that lil dude gets he gnna sting ur grandma",0: no fear can be inferred
@Infographic_ksa @KSAMOFA #Doha capital of ,0: no fear can be inferred
Government should take strong action against terrorism #AmarnathTerrorAttack   not only KADI NINDA,1: low amount of fear can be inferred
Each and every time I log on to that website to view the Lindsey Vonn pics I am #saddened by the courseness of our culture.,0: no fear can be inferred
Nah but as a governor how do you call someone a bum &amp; that you love calls from 'communist in Montclair' ? 😂 #crying,0: no fear can be inferred
A few things that scare me thunder needles cats creepy dolls heights and edges #summerthunder #fears #ikitsweird,2: moderate amount of fear can be inferred
@o_pebbles Not of this one sadly! 😪,0: no fear can be inferred
I like the #glow in the #dark #fidgetspinner. Not because it glows the dark neither. It feels more lighter and smoother than the others,0: no fear can be inferred
"That was absolutely the two worst National Anthem singers I've ever heard, both of them screwed up the words #awful",0: no fear can be inferred
What is this miserable ass weather all about 😭 dark and gloomy #depressing #weekoff #wheresthesun,1: low amount of fear can be inferred
"@chrisyour Don't be sad, ultimately it's apparently not supported completely but mostly working :-)",0: no fear can be inferred
Why a #terrorist was given a funeral in #Kashmir as per his #religion? 1000s came in. So #terror does have a religion. #ReligionOfPeace,1: low amount of fear can be inferred
@NBCNews @HallieJackson @KeirSimmons Seems legit. I always flinch right before I tell the truth.,0: no fear can be inferred
God this match is dull #Wimbledon,0: no fear can be inferred
"@EspionageLove -- stop any time soon, his body trembling in Kian's arms with relief, completely overwhelmed.",1: low amount of fear can be inferred
@elebelfiore Isn't it always about control and mistrust?,0: no fear can be inferred
I wont rt things that might offend your faves bcs I'm better than that,0: no fear can be inferred
.  @danawhite you're a crook. #joke #thief #bully #wanker #dirty #richbutgarbo,0: no fear can be inferred
Are u #depressed #hypo #manic #lonely #bored #nofriends #needfreinds #friend I feel chatty I wanna help ppl or just #makefriend 's #dm #moms,0: no fear can be inferred
@BrettKeeble I guess it never. @smartassunit #worry,2: moderate amount of fear can be inferred
How do you feel about @Snapchat new feature #SnapMap 👎👍❓ #twitterpoll #polls #vote #Poll #Snapchat  #twitter #tech #technology,0: no fear can be inferred
#Twitter these days is just a massive critical debate on those that people don't like #annoying #depressing and #dull 😑,0: no fear can be inferred
#Muslims  kill people then terrorism has no religion . If a #hindu kills a muslim then we are hindu terrorist #hypocrites ,2: moderate amount of fear can be inferred
i excepted the eclipse to make me believe in an omniscience force #dissapointed,0: no fear can be inferred
@tomandlorenzo @GameOfThrones Certainly killed many sentient creatures if it's made of real fur #shame #furismurder ,0: no fear can be inferred
"So me and my mom were talking about highschool, I'm shy so she said that she thinks I'm gonna get bullied😒 #shy #me #mylife #moms #bullying",2: moderate amount of fear can be inferred
"If you sit back, watch &amp; listen to every .@TheDemocrats &amp; .@DNC member, you'll quickly learn it's #Victimhood, #racism, &amp; #hatred. I'm #WOKE",1: low amount of fear can be inferred
@austin_j_powers @I_am_bumface @R9Rai @Holbornlolz Absolutely shocking behavour!!!!!!,1: low amount of fear can be inferred
@IainDale @LBC The only word worse than 'moist' in my opinion is 'scrape'. #ugh #shudder,0: no fear can be inferred
"Just watching #Phoenix video for the first time. Holy fuck, this guy is seriously deranged, unhinged. Why is everyone not #terrified?",2: moderate amount of fear can be inferred
#AmericasGotTalent live shows with so many technical faults #disheartening,0: no fear can be inferred
The same part of roof bar (driver's side) are stolen from Grand Vitara cars. Let it be known. This is really #disheartening #brunei,2: moderate amount of fear can be inferred
@BBCBreaking I have some mistrust of the medical profession.  The cover up was more important than the patients.,1: low amount of fear can be inferred
#depressed Today was bitter sweet watching all the kids go back to school made me really miss my babies. I'm so broke #backtoschool2017,2: moderate amount of fear can be inferred
@jaassiieeeee I will not fall to the dark side😂😂,0: no fear can be inferred
"Shooting more than ever, making more mistakes than ever but I jumped in the pool of sharks a long time ago.  #relentless *#resilient",0: no fear can be inferred
Post TRNSMT blues,0: no fear can be inferred
"@devlinjim @SophieLong01 What about Daniel 7:9? - his throne was like the fiery flame, and his wheels as burning fire.",0: no fear can be inferred
@EssexMDO Long term start with a club for younger children and aim to keep them engaged as they become teens. #TakeoverChat,0: no fear can be inferred
The pessimist complains about the wind; the optimist expects it to change; the realist adjusts the sails.,0: no fear can be inferred
"The blackest abyss of despair, Alonzo",3: high amount of fear can be inferred
Brown envelopes can induce panic. #posttruth,3: high amount of fear can be inferred
Every #DIVA needs her Period Panteez 2 B X-TRA Confident &amp; Secure! Don't wait 2 have UR #period ! #thetalk #fallfashion #instyle,0: no fear can be inferred
"I'm insecure, but I'm strong. I'm alone, but I'm loved. I'm sad, but I smile.",0: no fear can be inferred
@ProfessorF @Mediaite @law_newz Childish temper #tantrums are all the left has left. :),0: no fear can be inferred
work is going to kill me and 5 o'clock is nowhere near 😟,2: moderate amount of fear can be inferred
made up my mind to \nmake a new start,0: no fear can be inferred
"I think 'Sleep' is my favorite from How did we get so dark?, maybe because I'm insomniac",0: no fear can be inferred
I'm sorry but also...fuck you #currentfeels #anger #bpd #eupd #borderliner #mentalhealth #anxiety #depression #confused,2: moderate amount of fear can be inferred
"I'm pre happy with my Arcadian run, beat a few people I was scared of",0: no fear can be inferred
"@nextofficial placed order for nearly a grand SIX weeks ago, called yesterday, order 'missing' and no call back today! #shocking",2: moderate amount of fear can be inferred
But cause I knew I could just go to the side and pass them the food...but then I was scare TOO HAHA...in the end I had no choice but to go,2: moderate amount of fear can be inferred
@virtualalien there are more #frightening things in life\n\n#BeyondTheSphereOfReasonableDoubt,1: low amount of fear can be inferred
Can't drink all day if u don't start in the morning .. Drake gets me 😛,0: no fear can be inferred
"Can't handle rude people. Doesn't matter what job you do, a consultant or not, treat people how you would like to be treated 😡 #disapointed",1: low amount of fear can be inferred
@TeaPainUSA He's creating tomorrow's headline. #dontgetdistracted #RussianCollusion #Partofhisplan  #TrumpRussia #ImpeachOrResign,0: no fear can be inferred
"@LeahRemini  A 'religion' that pushes people to suicide, and punishes you for doing the right thing?? #heartbreaking",2: moderate amount of fear can be inferred
"Nigga write me talking bout I dreamt about you, cool I hope I was haunting you in a nightmare",1: low amount of fear can be inferred
@TimmyLDN Looks dreadful... 👀,1: low amount of fear can be inferred
Thinking about life this morning and how something is missing. — feeling restless,3: high amount of fear can be inferred
What do I do with my heart that is trembling by just the thought of it?\nI really don’t know what love is,0: no fear can be inferred
anxiety pays off,2: moderate amount of fear can be inferred
Do people notice that only saying 'You're so pretty' when I have make-up on. Is offense! \n&amp; I take note that they never say it when I don't.,0: no fear can be inferred
@ScottAdamsSays broke it down on #snap great analysis on #CNBC,0: no fear can be inferred
@Rainbow6Game felt guilt from playing this game. #horrible #RainbowSixSiege,1: low amount of fear can be inferred
@britmerc69 Stop it. You'll discourage people 🙈,1: low amount of fear can be inferred
We need but little learning to live happily - Michel de Montaigne #quote #philosophy #wisdom #wisewords #mentalhealth #psychology #anxiety,0: no fear can be inferred
@_Buddh_ @rohit_mhpl @indujalali @rajnathsingh We are also wating when terrorism willb history. And one thing kashmir is not India's,1: low amount of fear can be inferred
"Beware the wrath of an angry, frustrated, #agile grandma with a network. 👵🏼😡 I'm just sayin'. #objectlesson",2: moderate amount of fear can be inferred
I am shy at first.It usually takes me a few minutes to assess the jaw of the people i am hanging out with and then i will act according🤷🏽‍♀️,0: no fear can be inferred
@stolencarRSA What's the make so we can panic 😃,1: low amount of fear can be inferred
"So today was interesting, first #panic attack. Might need to do something about that.",3: high amount of fear can be inferred
If you build up resentment in silence are you really doing anyone any favors,0: no fear can be inferred
"Repeated terror attacks,no1 can define the religion of terrorists.\n1 guy arrested,Terrorists/ism got it's religion.",2: moderate amount of fear can be inferred
I think I'll eternally be irritated by our LIT teacher 😂,0: no fear can be inferred
Got woken up by a road sweeper I was trying to sleep ,0: no fear can be inferred
"Some peoples thought process can be very alarming.  These nasty, common women who will bed another women's man without conscience .  . .",0: no fear can be inferred
@JoshuaRozenberg Oh dear! #tantrums,1: low amount of fear can be inferred
y'all don't understand. this woman's wrath is REAL. 🌹🖤,0: no fear can be inferred
Lost my appetite for the past 5 days and I swear I already lost 3 pounds #depressing #at #least #i #will #be #skinny #for #pride #weekend,0: no fear can be inferred
@Chan_lfc10 @paul_rule @Nuttall1878 @DeadlineDayLive @Everton We'd be fuming if the hijacked our £8m move for a relegated full back 😡,0: no fear can be inferred
Dro is so damn fine. #insecure,0: no fear can be inferred
if y0ure in tr0uble d0nt hesitate t0 ask f0r help,0: no fear can be inferred
I woke up still not hardly believing what all happened last night 😰,0: no fear can be inferred
What does Amelia want?! Sarah was v grateful  #CBB,0: no fear can be inferred
"@SRuhle @MSNBC Sebestian Gorka, what a arrogant A~hole! Has no business speaking! ",0: no fear can be inferred
@Bravotv is there a way to watch NYC Million Dollar Listing &amp; filter @FredrikEklundNY OUT of the episodes? #primadonna #duckface #tantrum,0: no fear can be inferred
"Life is too short to be jealous, hating, keeping up mess, and worrying about things that do not concern you.",0: no fear can be inferred
A programmer’s wisdom is understanding the difference between getting program to run and having a runnable program.  #puppy,0: no fear can be inferred