Tweet,Intensity Class
@KevinHearne Oh! That actually was my first guess but... I thought he was too dark for an Irish man from BCE. Thanks for clearing it up :D,1: low amount of joy can be inferred
"@MichealArroyo2 Nope, thanks though. It took me yrs to find my hubby and he's great.  He makes life great. # he really is #awesomeness",3: high amount of joy can be inferred
'What has you smiling like that'\n'Dominos sent me a coupon' 😬,1: low amount of joy can be inferred
"Sometimes, you have to smile, pretend everything is okay, and just walk away.",0: no joy can be inferred
@shoe0nhead @ObscuredLeg Hi I just wanted to wish you two a happy tuesday.😊,2: moderate amount of joy can be inferred
I have the best girlfriend in the world 😍 #blessed,3: high amount of joy can be inferred
The Golden Temple is beautiful! 😍,3: high amount of joy can be inferred
@olark @mashable Thanks @olark for being #awesome As someone who suffers from #Anxiety and migraines I always fear stigma. You give me hope.,1: low amount of joy can be inferred
"Being deeply loved by someone gives you strength, while loving someone deeply gives you courage. Lao Tzu #wedding #happy #love",3: high amount of joy can be inferred
'your marker teacher'.i looked at him n just burst out laughing i swear these kids will never take me seriously 🤦🏻‍♀️,2: moderate amount of joy can be inferred
"Sometimes, you just need to eat a delicious piece of chocolate to remind yourself that there's no need to be bitter. Sweetness redeems.",2: moderate amount of joy can be inferred
Three retweets of dumb Fox shit and one original tweet that is a blatant lie from SCROTUS this morning--nada about his wretched offspring. 🤣,0: no joy can be inferred
"@HasegawaSona Big, toothy smile as she wiggles about!",2: moderate amount of joy can be inferred
I'm glad my kids don't fuck with Blac Youngsta. That nigga terrible for our community,0: no joy can be inferred
@jewleree @GameOfThrones Lmao night king smiles 😂,2: moderate amount of joy can be inferred
I want my diamonds as bright as my future,2: moderate amount of joy can be inferred
@RaymondPryce1 Yes it is happening. If u have a welding shield u can get a first hand view.,1: low amount of joy can be inferred
@bloggerlinds wishing you joy in your day. #joy #happiness #empowerri,3: high amount of joy can be inferred
@ubiqsmart  looking like a good buy in price. Great platform and Dev team future looks #bright,2: moderate amount of joy can be inferred
@LizYank This comparison makes me so happy. #flattered #engl678mu,3: high amount of joy can be inferred
#wtf what a #wonderful idea \nyou've all bought your tweets and likes that's pretty pointless for Me #bye #bye #Twat,0: no joy can be inferred
Time for bed in a real bed after four nights camping. #bliss,1: low amount of joy can be inferred
That eclipse was  Angelic 🙏🏿 #blessing,2: moderate amount of joy can be inferred
He has that charming smile that can really make you smile too. Believe me.,2: moderate amount of joy can be inferred
"Jamessssss 😭 good bye my dear, it's been a pleasure having you",0: no joy can be inferred
'we need to do something. something must be done!!!!!'\n\nyour anxiety is amusing. nothing will be done. despair.,0: no joy can be inferred
How long?? @connor9mcintyre 😢😢😢 #Phelan #brilliance,0: no joy can be inferred
Nothing makes me happier than managing my depression well.,2: moderate amount of joy can be inferred
"Whenever I turn on the radio and hear Bob Dylan's Knocking on Heaven's Door being played, I assume he's died. #relieved #notyet #someday",0: no joy can be inferred
"When I think about Yondu &amp; his crew, Rocket, &amp; Groot doing 700 jumps to Ego planet, I start laughing.",2: moderate amount of joy can be inferred
dropped my birth control on the floor and cant find it cause it blends with the carpet 🙃 #joy,1: low amount of joy can be inferred
"#intl hey, bae @ssyhoe happy 7th month anniversary 😚💕 Ily -yours",3: high amount of joy can be inferred
It's a wonderful thing to be able to start your day with laughter.,3: high amount of joy can be inferred
Serious-looking folks suffer from unused smile muscles \n\n #behappy  #hatersgonnahate,0: no joy can be inferred
I got a free Dr.Pepper from the vending machine #awesome,2: moderate amount of joy can be inferred
Step into and own your #brilliance. #womeninbiz #womeninbusiness #successs #femaleleaders #femaleentrepeneurs,2: moderate amount of joy can be inferred
I've never been so excited to start a semester!,3: high amount of joy can be inferred
I delight,1: low amount of joy can be inferred
It's a beautiful pout. c:,1: low amount of joy can be inferred
I was having a #BadDay and i went on #YouTube and watched @domoandcrissy reaction to old pics. #Thanks #ladies for the #laughs,2: moderate amount of joy can be inferred
"#lol #funny #comedy #sarcasm me: i don't care :)\n\nme, one second later: *starts crying*",1: low amount of joy can be inferred
#RIPBiwott I think Robert oukos soul can now rejoice and rest in peace. Call an evil man evil and a good man a good man. He was an evil man,0: no joy can be inferred
"Idk why but when I help someone,  a smile comes on my lips.\n\n#thatisall #ieverwant #noneeds #justyou #love #peace #smiling #faces #kindness",3: high amount of joy can be inferred
"'We can throw stones, complain about them, stumble on them, climb over them, or build with them.' — William Arthur Ward. #inspiring",1: low amount of joy can be inferred
"'The point of living, and being an optimist, is to be foolish enough to believe the best is yet to come' - Peter Ustinov #optimism #quote",0: no joy can be inferred
"@mayusteapot Ok, what I'm doing is better than that 😆",1: low amount of joy can be inferred
My @LDNOverground train is announcing absolutely everything overground station on the network #giggle,1: low amount of joy can be inferred
@NancyPelosi Don't you mean Bush...no Trump...no Bush #giggles #hipocrite #Liar #TroubleMaker #AntifaSupporter,0: no joy can be inferred
"dreamed that you are laughing and woke up from my sleep for the first time without a sad face , Fair enough to see you in my dream '",1: low amount of joy can be inferred
The JJPH ADMIN SEARCH will start on Friday!!! How excited are you?,2: moderate amount of joy can be inferred
@morninggloria I came for the 'damn boy' jokes but stayed because you are great at your actual job 👍🏾,1: low amount of joy can be inferred
Today is 71117. 😀,1: low amount of joy can be inferred
"@WhiskurMew Happy birthday, beautiful! I hope today is as lovely, wonderful, and astounding as you are!! You deserve no less than that! 😊🎉🎂💞",3: high amount of joy can be inferred
When you only meet each other once at an interview and you recognise each other on the streets 🙆 I don't even know what's your name 😂,1: low amount of joy can be inferred
Tipoftheday:Do not be distracted by the ones who accuse you for doing what is right for His mission for you.Continue living and pleasing Him,1: low amount of joy can be inferred
Only halfway through #madeforlove by @AlissaNutting. But it's utterly #brilliant. #Reading it has me laughing out loud.,3: high amount of joy can be inferred
"@cubewatermelon @JonKimbel It's hilarious but there are legit milkshake Duck apologizers. Yes, just the hypothetic milkshake duck.",1: low amount of joy can be inferred
"His interlocutor burst out laughing several times at his answers; and more than ever, when to the question, ‘ whether he had been cured?�",1: low amount of joy can be inferred
@Amber02150 Good morning! Happy winter day. :),2: moderate amount of joy can be inferred
"Novak is seeing those balls as melons, perfect conditions for him 😊 #Wimbledon",1: low amount of joy can be inferred
Just received the fantastic news that our next 9 bed 'Sui Generis' HMO has full planning permission. Build to start 01 September. #excited,3: high amount of joy can be inferred
'Sleepy' lotion by @lushcosmetics smells like if a bouquet of lavender and a bunch of toasted marshmallows had a love child. #delicious,2: moderate amount of joy can be inferred
'It is not uncommon for #people to spend their whole life waiting to start living.' ~ Eckhart Tolle #happiness #live,1: low amount of joy can be inferred
Don’t let the fear of losing be greater than the excitement of winning. ~Robert Kiyosaki\n\nAllOutDenimFor KISSMARC,1: low amount of joy can be inferred
"Finally finished this term's class book, Sky Hawk by @gill_lewis kids in tears and actually cheering at the end #good read",2: moderate amount of joy can be inferred
@RickHoffman_ And we are all so grateful for your perseverance! Happy Anniversary twin!,3: high amount of joy can be inferred
Movies on my to-watch list: Spider-Man Homecoming and War For The Planet of The Apes. 😍 #excited #movies,3: high amount of joy can be inferred
@yashah07 Hahaha got the same forward !! I want to find the source and teach 🤣,1: low amount of joy can be inferred
I'm smiling like a mf,3: high amount of joy can be inferred
@Popstufs3 Coffee is good and view is even better 😊,3: high amount of joy can be inferred
"@ThomasSanders This was great, looking forward to next part! 😄",2: moderate amount of joy can be inferred
"Because of your @smile, you @make the #life more #beautiful:::::::::::::::::::::::::::::::::::::::::",2: moderate amount of joy can be inferred
SOLD OUT!!!! Next batch in 3 days!!!!,1: low amount of joy can be inferred
@TikiTakaConnor Eduardo without injury was honestly amazing like so sad he's not looked at in the right light because of his Injuries.,0: no joy can be inferred
"Cookie ♥ Nutella, topping Kinder BuenoWhite\n#cookie #muffin #nutella #food #delicious #foodporn #happy #dessert #chocolate #cake #junkfood",2: moderate amount of joy can be inferred
"peplamb: stevenfurtick #comfort all who #mourn, To console those who #mourn in #Zion, To give them #beauty for #ashes, The #oil of #joy for…",0: no joy can be inferred
@lauramuiruns @Diamond_League Loved cheering you on with my kids!!!! X,2: moderate amount of joy can be inferred
"This is kind of fucked up, but my brother is about to join the police academy....and I'm not happy about. And I'm not the only one.",0: no joy can be inferred
@JoySparkleBS being able to sit with so much solid info while others came at her ready to kill is a true sign of strength. #inspiring,1: low amount of joy can be inferred
"I'm #happy as f*** to be accepted with my #chromesthesia by my #CBT doctress, never called 'crazy' for my #colors :-)",3: high amount of joy can be inferred
That moment when the worry is lifted #grateful,2: moderate amount of joy can be inferred
Thanks for following me on Twitter. What would you like to see? #funny #happy thefactably,2: moderate amount of joy can be inferred
@duarteamanda @theseantcollins Lmao the lack of self awareness in this last tweet is genuinely awe inspiring,1: low amount of joy can be inferred
@pepesgrandma @FreeBeacon Thanks for the early morning laughter ❤,3: high amount of joy can be inferred
"Difficulties, by bracing the mind to overcome them, assist cheerfulness, as exercise assists digestion.\nChristian Nestell Bovee #quotes",1: low amount of joy can be inferred
Had a different approach today in London Town. Me &amp; @SharonSAtkinson chatted. Good ol' fashioned natter #cannotbeatachat #talking #laughing,1: low amount of joy can be inferred
@OxandCart_UK @jamieoliver I made it too  #quickandeasyfood,1: low amount of joy can be inferred
@AKSongstress one of GH finest energetic #dancehall act #blessing in disguise 🙏 so so prolific 🙏,2: moderate amount of joy can be inferred
"@neobrainless So... Lots of pretty coloured blobs of sugar? I mean I'm willing to try it, I'm just not sure I understand the point of it 😅",1: low amount of joy can be inferred
@caseydellacqua @ashbar96 Will be cheering for you both! Go @caseydellacqua and @ashbar96,1: low amount of joy can be inferred
A loss ain't a loss it's a lesson #smile,0: no joy can be inferred
bathe in a pool of #stars and #sun.  Wash away assumptions and rejoin the #joyful noise of @bliss and #love.  #LoveOverHate #ResistInBeauty,3: high amount of joy can be inferred
I'm so #glad my #baby can't hear what I'm #thinking,1: low amount of joy can be inferred
I need to study up on celebrities' birthdays bc my heart almost stopped when I saw Harrison Ford trending... 😯 #relieved,0: no joy can be inferred
"@airish_cloudly aaww! iam sending virtual hug then, eonnie cares about you so cheer up and study well!",2: moderate amount of joy can be inferred
... or is it being locked in a loop of a daily treasure hunt?  #optimism,0: no joy can be inferred
"bonless sirlion tips,mixed veggies browngravy &amp; homemade mashed potatoes #inthekitchen  #latenightmunchies #yummy #getuagirlthatcancook",1: low amount of joy can be inferred
@DirtyDucko @funder I wish I could like this twice. #hilarious,2: moderate amount of joy can be inferred
@Mywifestyles Thank you for following me. Please read my astonishing (e)book #FlightOfALifetime; you’ll be very glad you did #happy #smiles,2: moderate amount of joy can be inferred
Enter this code for 10 free Lyfts PARX #Isn't it great to save money when you shop? #blissful #FREECAB,1: low amount of joy can be inferred
We must take the #excitement of the #solareclipse to #inspire our #children to #love #Science,2: moderate amount of joy can be inferred
@devbostick @daniel_henshall Where is it? :O because it's so beautiful,2: moderate amount of joy can be inferred
im clapping and cheering for both teams ...,1: low amount of joy can be inferred
Mood : Happy 🙂 #blessing,3: high amount of joy can be inferred
@Ker_Anderson Maybe this evening if I can 😀,1: low amount of joy can be inferred
@dom_conlon It’s amazing isn’t it. I’m a big fan of B&amp;W but the life these restorations give the photographs is awe inspiring.,2: moderate amount of joy can be inferred
@addicted_spurs Cos they all have it's ok then. #great,1: low amount of joy can be inferred
@BAEK0FF @byunglows Philippines 😃,1: low amount of joy can be inferred
"I'm pale, I no longer wanna laugh, Or smile, All I wanna do is just fucking cry,",0: no joy can be inferred
"#Hope #youngins #mentalHealth balance crucial to our existence sustenance of life-not too much sad albeit we wish #happy perpetual,it's not🤣",1: low amount of joy can be inferred
@BeautinaSuit No need to thank me.. I'm just telling it like it is 😊 Hope you have a great day too! 😃,2: moderate amount of joy can be inferred
Taking time out of our busy to catch the #great #American #eclipse! It is really incredible to see even our partial view! How was your view?,1: low amount of joy can be inferred
Will I get in trouble if @Cody_Nolove or @GordonRamsay show up at #UFC215 and I try to find them at Rogers? 😂 (under 3 weeks!!) #excitement,2: moderate amount of joy can be inferred
"...with the couple, so you decide to ignore everything and finish yours while dealing with the laughter and everything in the background.",0: no joy can be inferred
My new favourite #film with out a shadow of a doubt it #Okja #beautifull #funny #sad #emotional #real #Netflix #MUSTWATCH #now,2: moderate amount of joy can be inferred
Only I could be talking to a catfish on tinder 💁😂 glad I don't use it seriously 🤣,2: moderate amount of joy can be inferred
There's much to see in this world full of glee.,2: moderate amount of joy can be inferred
"@_ruthharvey_ happy bday Ruth, hope you have an amazing day 💘💘x",3: high amount of joy can be inferred
"'You're here to feed me. I won't die of starvation,' he said, slightly smiling. I frowned. Panira. Kainis.",0: no joy can be inferred
Be gracious to me O God...for my soul takes #refuge in You; in the shadow of Your wings I will take #refuge... psalm 57:1 #hope #jesus #joy,1: low amount of joy can be inferred
"SUCCESS isn't just about what you accomplish in life, it's about what you inspire others to do. #inspiration  #inspire",1: low amount of joy can be inferred
"@jonlovett All that said, you're hilarious and smart. Lovett or Leave It is brilliant. Please come do a live show in Florida!",2: moderate amount of joy can be inferred
It's not always about the getting but its about the receiving of what has already been given. Receive the joy made available! #jesus ,2: moderate amount of joy can be inferred
me when my friends are sad: basically becomes a psychiatrist\nmy friends when im sad: ok #funny #lol,0: no joy can be inferred
@softytwt hi bby today was okay i e-mailed design firms for my internship and now i'm nervous ;u; how's your day? :D,1: low amount of joy can be inferred
HAPPY BIRTHDAY TO THE PANDERIFIC PANDA IK.@TheOrionSound I hope you have an amazing day Oli i love u so much and i ❤️ur vids they make me 😃,3: high amount of joy can be inferred
@stolencarRSA What's the make so we can panic 😃,0: no joy can be inferred
A #teacher who is attempting to teach without #inspiring the #pupil with a #desire to learn is hammering cold iron. #HoraceMann,0: no joy can be inferred
@SheenKL I assume the manga is #good?,0: no joy can be inferred
thought I was a bad driver until I went to college #relieved,1: low amount of joy can be inferred
"I finally left the dark room I've been crying in &amp; instead of getting some sun on my translucent skin, I got 6000 mosquito bites. #blessed",0: no joy can be inferred
Good times never fade away #smile,2: moderate amount of joy can be inferred
You have to learn how to live life regardless of circumstances &amp; not let life leave you. \n#purpose #Growth  #process #confident #happy #joy,1: low amount of joy can be inferred
"@wvgmltd @DalefootCompost @ThomasEtty Would you like to clean my cooker top, please??? 😉😊 #sparkling #nomess #sunglassesneeded",1: low amount of joy can be inferred
Happy birthday to ma brother from another mother @Official1Cedi dis year More blessing #Break itz,2: moderate amount of joy can be inferred
@SaikalyJihad @RimaNJEIM Best birthy day sexy Rima l'wish to you a happy life,2: moderate amount of joy can be inferred
@candycmarketing What happens if you don't want to watch this 'content'? Can't vote then 😆,1: low amount of joy can be inferred
God favors men and women who delight in being made worthy of happiness before the happiness itself.,1: low amount of joy can be inferred
@FierzaaRBX hi fierzaa i hope you be my friend in roblox btw i love kat and username:USATylerX 😀,2: moderate amount of joy can be inferred
Suddenly dreams of mine are coming true. #happy,3: high amount of joy can be inferred
Literally work almost everyday can't wait to start my PT #blessed 🙏💙,2: moderate amount of joy can be inferred
#ThingsIveLearned The wise #shepherd never trusts his flock to a #smiling wolf. #TeamFollowBack #fact #wisewords,1: low amount of joy can be inferred
"I cannot lose you, because if I ever did, I'd have lost my best friend, my soul mate, my smile, my laugh, my everything.",0: no joy can be inferred
Happy Amazon Prime day to all my primers 😆,2: moderate amount of joy can be inferred
@Ginoceno Great prediction bro! Nice optimism #FAKEFAN,1: low amount of joy can be inferred
I'm doing all this to make sure you smiling down on me bro,1: low amount of joy can be inferred
Bedtime. After a full listen of Lou Reed's album Transformer. Full albums are underrated these days. #back2back #enjoyment 💿 🎶 x,2: moderate amount of joy can be inferred
"@RKsAllyCat82 No, but I'm planning on it before September 😊",1: low amount of joy can be inferred
Yesterday is gone thats an old song the new song is live 4 today and get #pizza #live #love #laugh #WednesdayWisdom #follow @THELYRICALB 🍕,1: low amount of joy can be inferred
@tootaehyung omggg i'll be bloated then ;;-;; but it's a wonderful idea i'll start doing it tomorrow!!,1: low amount of joy can be inferred
@doranadal @JaneForRafffa #big-smile #great post #greatRafa #loveRafa,2: moderate amount of joy can be inferred
"05.30 is my time......brew, toast and TV before anyone else gets up  #earlydoors #mumlife #lifewithtoddlers",2: moderate amount of joy can be inferred
"'Let me no longer languish in #pain, but look forward with #joy to all I have been gifted to achieve in my life.' ~ #Eleesha ღ #quote",1: low amount of joy can be inferred
"@stuael Ano man, I'm stunned! At one point our heads were gone and they were scoring at will! #relieved",1: low amount of joy can be inferred
"Just watched @JoeNBC on @colbertlateshow -- &amp; have to say... I'm in awe. What hair products is he using, @greggutfeld ?? #beautiful #jealous",1: low amount of joy can be inferred
Failure is a part of success. You can't experience the joy of success with also experiencing failure. #bethehero #success #failure #joy,0: no joy can be inferred
"The best thing about cooking with eggs is that even if your original idea doesn't work, you've still got scrambled eggs! #optimism",1: low amount of joy can be inferred
"omg so grateful to have an education but ive been back at school for 2 (two) days and my back hurts, im exhausted and breaking out already 😍",0: no joy can be inferred
I am really flattered and happy to hear those complements for my blog! You guys motivates me to write more for my blog. Thank you! sml 💞,3: high amount of joy can be inferred
"Also 45 billion for the opiod crisis is pennies, complete joke almost as hilarious as 65 billion for high risk pools! Itll #dryupquick",0: no joy can be inferred
The moon tonight 😮 #beautiful,2: moderate amount of joy can be inferred
Conflicting scents in the house of cinnamon sponge cooling and tamarillo chutney cooking. #sweet #spicy #homemade #delicious,1: low amount of joy can be inferred
I’m so glad I’m not like some of the sad people online who gossip and bully others for their entertainment because they have no life.,1: low amount of joy can be inferred
So #glad all four of our #top picks got through on #AGT,2: moderate amount of joy can be inferred
Be the reason someone smiles today #smile #happiness,2: moderate amount of joy can be inferred
"@laurenwils0n_ Happy birthday gorg, have a good one 😘 x",3: high amount of joy can be inferred
@AmandaHolden Lovely photo Amanda! #summerhols #carefree,2: moderate amount of joy can be inferred
I could not be happier with my life right now 😊,3: high amount of joy can be inferred
"@swish41 No offense but the mavs are only my 2nd favorite part about Dallas, 1# is the barbecue #delicious",1: low amount of joy can be inferred
Wow @BrockLesnar you're #awesome man! #FatalsWay #SummerSlam #WWE #wrestling #champ,2: moderate amount of joy can be inferred
"After sleeping past noon, I look out the window to see my hotel has a HOT TUB!!!!! #bliss",3: high amount of joy can be inferred
fuck a nigga feelings till I find a nigga I'm feeling 😆,0: no joy can be inferred
They'll love you but hate you cause they can't be you ... #smile,0: no joy can be inferred
@chlobiddzx It will come good babe don't worry 😘😘,1: low amount of joy can be inferred
"#AI #revolation, soon is possible!\n#fearless #fearful  #good #goodness",1: low amount of joy can be inferred
"And the #wonderful boy in the Garden grew in wisdom and stature and in favour with God and men, which, literally, were his parents.\n#VSS365",2: moderate amount of joy can be inferred
Media is so focused on bad news that we forget how much more great/good things happen daily. #Thinkpositive #goodnews #optimism #goodmorning,1: low amount of joy can be inferred
Someone needs to start listening to @OssoKXLY about #AllStarGame2017 ideas. #brilliant @700espn,1: low amount of joy can be inferred
One of the great/horrible moments as a professor is seeing a wonderful student leaving your university to pursue his/her true passion.,1: low amount of joy can be inferred
Nothing is more #beautiful than a #smile that has struggled through tears.,1: low amount of joy can be inferred
HAPPY BIRTHDAY! :D,2: moderate amount of joy can be inferred
"See you at our #CampaignMasterclass on Friday @HaysTravel, we're very excited and we hope you are too 😊 #emailmarketing",2: moderate amount of joy can be inferred
When you walk through the door to a cuppa ! #bliss,3: high amount of joy can be inferred
“#Woe unto #you that are #full! for ye shall #hunger. #Woe unto you that #laugh now! for ye shall #mourn and #weep.”\nLuke 6:25,0: no joy can be inferred
Ash has the weirdest laughter,1: low amount of joy can be inferred
@VescioDiana You forgot #laughter as well ❤️❤️❤️,1: low amount of joy can be inferred
@Grinbins I couldn't force myself to give him any money. 😀,0: no joy can be inferred
Damn I'm tired as hell I never get a off day during the week anymore 😭 I wanna call in so bad but these lil 60 hrs sounds so good.,0: no joy can be inferred
"#Look at #those who are #honest and #good, for a #wonderful #future #awaits those who #love #peace.",3: high amount of joy can be inferred
#redvelvet #wendy #seulgi #irene #yeri #joy \n1. Which member that can not drink sparkling water ?,0: no joy can be inferred
@maritzabuys666 Looks wonderful!!!  Wish it was my cock tho!!!  😍,2: moderate amount of joy can be inferred
Can't wait to perform 2nite at @CrashTestComedy at #Verns! #yyc #Calgary $5 #comedy #comedian #yycComedy #CalgaryComedy #fun #laughs #live,3: high amount of joy can be inferred
@itejasmehta @QTalker My pleasure 😊,2: moderate amount of joy can be inferred
An unchallenged present creates a complacent future. #TuesdayThought #selfimprovement #success #excitement,1: low amount of joy can be inferred
Desmond was asleep when I called after I got out of my meeting... he still answered and let me vent to him the whole way home 😍 #sweetness,3: high amount of joy can be inferred
Never been so relived 😆,2: moderate amount of joy can be inferred
Bruhhh🙄why is Ar'mon so cute from @TheRealAandT . He just chill and ughhhhh😍😍😍😍. #attractive #whyamIsingle #Houston,2: moderate amount of joy can be inferred
Happy birthday Zanele \nI hope you have a wonderful day 💓@xan_radebe \n🎊🎉🎈,2: moderate amount of joy can be inferred
@NisaLocally @CocaCola_GB thanks love share a coke and holiday with my family  #smile for a chance to #Win :),2: moderate amount of joy can be inferred
Can't wait to take family pictures 😩💜💜 just so excited to start doing fun things with my babies 👨‍👩‍👧,3: high amount of joy can be inferred
@H0lliejburrows Congrats beautiful 😘,2: moderate amount of joy can be inferred
"My edit, not my photos #SPNFamily #SamWinchester #JaredPadalecki  #lips #tease",0: no joy can be inferred
Perfectly #Recall #amazing #surreal #totalsolareclipse so #fortunate to #experience in #Europe #ManyYearsAgo #Live \n#Happy 4 #YouGuys #USA 😘,2: moderate amount of joy can be inferred
"I feel like I should be watching #glee, but #glee will just make me cry and I'm trying to remember happy times",0: no joy can be inferred
Finding a store that is closing is both sad and #awesome. 50% off everything!? Get in me now! My bag is nothing but #redbull &amp; aloe water,1: low amount of joy can be inferred
@rickysnecklace I'm so proud Mils! Keep smiling ❤️,3: high amount of joy can be inferred
Soon the trailer will have more likes than views 😆,1: low amount of joy can be inferred
Am 'ugly' guy whos pleasant geuine  and happy &gt; an evil attractive guy whos bitter and coniving and superficial,0: no joy can be inferred
Ha ha love flats description of Marlie packer... Default setting 'combat mode'.... 😂😂😂😂😂  #brilliant \n@davidflatman @MarliePacker #WRWC2017,2: moderate amount of joy can be inferred
"I was thinking about Fergie's music M.I.L.F and seriously, if I'm a mother someday, I'll be a M.I.L.F  #lmao #Empowerment #adorable",2: moderate amount of joy can be inferred
Omgsh Alexis is sooooo freaking funny on #BachelorInParadise 😂 That pizza segment! Plus I love her and Jazzy's friendship! ,3: high amount of joy can be inferred
#lesson from @KevinHart4real #book I'll apply:  In #life U always have a choice.  Kev had grimey things happen &amp; he #chose #optimism,0: no joy can be inferred
"Waking up to the #scent of #coffee, there's no other #pleasure .\n\n#morning #carliforniadreaming #Writers",3: high amount of joy can be inferred
"@apinknumjoo Hello, namjoo unnie! Welcome to paradox.💕 i'm deeply sorry for the late greeting 😥 Chaey is wishing you to have a pleasant +",0: no joy can be inferred
Please stop ruining my depressing memes with your positivity and optimism,0: no joy can be inferred
"#ContentwiththeLordsPortion:Even in times of scarcity,”Yet I will #rejoice in the #LORD, I will #joy in the God of my #salvation.” #Hab 3:18",1: low amount of joy can be inferred
@iamjpk @NameisNani what the phd!  eesav gattiga 😆,1: low amount of joy can be inferred
Never regret anything that once made you smile :) \n #positive ,2: moderate amount of joy can be inferred
"@NitashaKaul @Snehakaul2Kaul so beautiful dear, thanks,everybody knows it is in benefit of India &amp; GOI has done this terror attack as before",1: low amount of joy can be inferred
"@ShojoPower Yes, or those animated comic book movies!",0: no joy can be inferred
Coming up shortly #WetinDeyHappen #Satire #laughs #local #Pidgin cc @McTalkinDrum and @Funny_Udeme #stayTuned #premiumTalkStation,1: low amount of joy can be inferred
Never heard of #CaraCaraOranges until today. Very #tasty! I highly recommend them! #delicious #GoodForYou #fruits  #oranges,3: high amount of joy can be inferred
Dying my hair an extreme color for the first time #excited #nervous #change #notfastenough,2: moderate amount of joy can be inferred
@MA_Bisson @AroundTheRings @LA2024 'felt our soul'! hilarious!,2: moderate amount of joy can be inferred
Thanks for the recent follow @discoverdelicio @johnmilley58 @OrbeauCustomer Happy to connect :) have a great Tuesday.,2: moderate amount of joy can be inferred
Happy to share my new video preview with some of my local fav's!\n#compose #excitement @CBCMusic @Musicyyc  @CJSW @BreakOutWest @HifiClub,3: high amount of joy can be inferred
Had to delete my Facebook too much for me 🤣,0: no joy can be inferred
"It was a bright cold day in April, and the clocks were striking thirteen. ~ George Orwell, 1984",0: no joy can be inferred
FALL SEASON STARTS TODAY!!!!! ,2: moderate amount of joy can be inferred
@marcdeacon_ Happy Birthday Marc have a good one! Xx,3: high amount of joy can be inferred
if today is the first time you're playing FFXII I am happy for you. #Zodiacage,3: high amount of joy can be inferred
Best horror Comedy movie of 2017 #AnandoBrahma @taapsee #SrinivasReddy . In 2nd half I got throat pain #toomuch #laughs,2: moderate amount of joy can be inferred
Smile!!! #happy #smile,3: high amount of joy can be inferred
Happy Birthday to #Olympic #great and #champ @jordyn_wieber 🎉 🎂 🎈,2: moderate amount of joy can be inferred
@JadeOdette_ Because one of them has to be wrong :) we just want to believe it's H&amp;M haha 🙃,1: low amount of joy can be inferred
@Dat_Phan Too much fun being interviewed by the supremely talented and funny #DatPhan #Comedy #laughter #soup,2: moderate amount of joy can be inferred
Each of us have varied #talents #gifts &amp; #abilities If we #all #work #together #we can #help #make the #world a #better &amp; #brighter #place,2: moderate amount of joy can be inferred
@Steadi_Lady You're eating skin that could have been sent to a tannery for leather processing. 😄,1: low amount of joy can be inferred
@azizansari Just finished season 2 of #MasterofNone. You are a gifted storyteller! #charming #cinematography #hilarious,2: moderate amount of joy can be inferred
Good Tuesday morning... Be the person who makes someone smile just at the thought of you.\n\nBe blessed and be a blessing!  #BBaBaB,2: moderate amount of joy can be inferred
"Just finished #TheKeeperOfLostThings.  Incredible, #charming #book!  LOVED it!! @ruthmariehogan  You weave story telling magic!  LOVE!!!!",3: high amount of joy can be inferred
@MonikaGoswamiRK I just see 2 episodes #DilLagi but still curious why you're falling for the Hero 😆 watching more soon.. 😉😃,1: low amount of joy can be inferred
"@BadHombreNPS @SecretaryPerry If this didn't make me so angry, I'd be laughing at this tweet!",0: no joy can be inferred
"@PiersatPenn Thank you dear Emily. This is a wonderful share I love it. Emily, have very happy moment over there my beautiful friend",3: high amount of joy can be inferred
@KhaoJimmy Okay awak 😆,1: low amount of joy can be inferred
"@chasejarvis Honestly, been hearing this over and over again...it's kinda imprinted on my mind now. Thanks! ❤️✌️  #Strategy",3: high amount of joy can be inferred
"#Sad I #missed #GDragon #tonight in #Seattle.Might be awhile before he's back, I hope everyone who attended the #concert had a #great #time!",0: no joy can be inferred
@KermodeMovie I shall be mooning him cheerfully when he arrives. Although he probably won't be president by then...,1: low amount of joy can be inferred
'This one?' \n'A bit odd looking isn't he? Pointy.' The alien asked. \n'Perhaps. But he'll be #wonderful. He's from the Steve pile.' #vss365,1: low amount of joy can be inferred
@actor_nithiin Happy birthday Manisharma sirr............... Have a great year head,1: low amount of joy can be inferred
@_jesskardashian @trevschan2 both are awesome.  People are missing out not watching fear!!!,1: low amount of joy can be inferred
@KylieSpearsXo Happy birthday to you #beautiful Kylie! 🤗😙❤🎁🎂🥂,3: high amount of joy can be inferred
"Hey buddy, I just came by to feed my Venus Flytrap. —Sue (S1E13) #glee",1: low amount of joy can be inferred
boys are so awful but also so amazing.... right?,1: low amount of joy can be inferred
@Smilejamtvj @clarkecooper @DahliaHarris looking fab today pleasing to the artistic eye! #GirlPowerTuesday,2: moderate amount of joy can be inferred
"Your #smile is always yours, we make it as easy as possible for you to get the best orthodontic care no matter when you need it.",1: low amount of joy can be inferred
I was glad at that posing that I waited to run when the sun came out cause I usually run when it's dark in the morning.,1: low amount of joy can be inferred
We're really not afraid of you all. We find you rather #annoying &amp; #amusing. 😎😜🤣😂😂,0: no joy can be inferred
If I hit you with the be blessed it's over 😂,1: low amount of joy can be inferred
@beautifuIbaek Wow! I hope i win. 😭 thanks for this. 😊,2: moderate amount of joy can be inferred
I only cut my hair so I can fucc hoes in a durag #glee #sg,1: low amount of joy can be inferred
"Am I the only person who is not that excited to go there. Yeah im excited, but im more afraid.Adapting and studying. I dont want to be",0: no joy can be inferred
"@chrisyour Don't be sad, ultimately it's apparently not supported completely but mostly working :-)",1: low amount of joy can be inferred
@RoryPlays_  I was so busy yesterday I forgot to wish u a happy birthday so here I got HAPPY BELATED BIRTHDAY I hope u had a wonderful day,2: moderate amount of joy can be inferred
@elegantlywasted @ChelseaClinton Are they the new kennedy's of American politics.. sadly both mom and daughter are as charming as a toe nail,0: no joy can be inferred
@wengzyjb I don't even know na naa koy beautiful nightmare hahahaha oks,1: low amount of joy can be inferred
well my day started off great 🙃 the mocha machine wasn't working @ mcdonalds.,0: no joy can be inferred
Exciting day ahead...lunch @Panoramic34 with the girls #Foodie #yummy #myday #Friends,3: high amount of joy can be inferred
@ShibeXD happy birthday!!! you are one of my favorite content creator! i hope you have a wonderful birthday!!!!!!🎉🎉🎉🎉🎉🎉🎉🎉🎉🎉🎉🎉🎉🎉🎉,3: high amount of joy can be inferred
The greatest happiness is seeing someone you like stay happy - Daidouji Tomoyo [Cardcaptor Sakura ],3: high amount of joy can be inferred
Hi @EvMarket_US Thanku for #follow 👍\nUs #hairdressers love sharing #smiles 😁\nIt's a universal language!👌\nHave a fab day! 😘,2: moderate amount of joy can be inferred
Will I ever NOT be tired again? This second kid put me over the top 🙃 #workmom #grateful,1: low amount of joy can be inferred
At a groovy restaurant. Got a cheeseburger and fries. I don't discriminate. Rating; 5/7 #yummy #delicious #politicallycorrect,2: moderate amount of joy can be inferred
@imKBRshanthnu happy birthday buddy☺ wishing u lots of #smiles &amp; #success 🌸 #ameen☺ my bday in #3days 😍 yaayyaaa💃,3: high amount of joy can be inferred
@dynamicgaby @vinceScastro BUT did you get a FREE planner? I don't think so 😤  #CSUF #mofuckintitans,0: no joy can be inferred
"#Jesus #truth Psalms 32:11 You that are righteous, be glad and rejoice because of what the Lord has done. You that obey him, shout for joy!",2: moderate amount of joy can be inferred
wow :o this was included in the playlist #awesome,3: high amount of joy can be inferred
"If you guys want a super inhealthy, but delicious snack, @cheezit dipped in cream cheese is the way to go 👌🏼👌🏼 #delicious #preggocravings",2: moderate amount of joy can be inferred
@BernadetteAlly cute smile!,2: moderate amount of joy can be inferred
@Danger_McLovin Well done! 😀 (your twins Charlii and Cadance),2: moderate amount of joy can be inferred
Need your help guys 😊 survey for a friend,0: no joy can be inferred
"@hatzepueh and don't call him creepy, he's the most handsome, adorable and nicest shark ever 😭 ok Zora, buuuuuut he looks like a shark",1: low amount of joy can be inferred
@JDMHatch_G @A34Bart @IOInteractive @Ravenclaww04 @Hitman This is an attitude that makes me beam with delight every time I encounter it.,2: moderate amount of joy can be inferred
@mashable For some reason this has filled me with delight. See Auntie laugh.,3: high amount of joy can be inferred
@mrjamesob @LBC 😂 snowflake random such a funny man never a dull moment brilliant,2: moderate amount of joy can be inferred
"Just got a gift via this cool virtual assistant @TryEvaBot. Wanna experience? Let me know, I can send you a gift🎁  #magical #delightful 😊",2: moderate amount of joy can be inferred
i already have 3 Nico URs and i really need a smile UR ;; i'm confused,0: no joy can be inferred
Last Sunday YouTube glitch making me lose up to 20 subs is heartbreaking for a channel my size! Nearly at 1K though #1Ksubs #youtube soon 😀,0: no joy can be inferred
Add me on snap Whoa.Jay.  #snap #streaks #snapchat #story #friends #add #follow #love #traveling #photography #funny,2: moderate amount of joy can be inferred
"It is a #great start for #beginners to jump into auto #trading. PROFITABLE FX EA will give you full support, manuals &amp; Team Viewer support.",1: low amount of joy can be inferred