Tweet,Intensity Class
"We have the opportunity to move away from the gloomy nihilism that characterizes the reign of our deeply patriarchal, dominator culture.",0: no sadness can be inferred
@badpostyoongi I know for a fact they'll either ignore the fact tiff isn't or change Cindy's background,0: no sadness can be inferred
"@LeahRemini  A 'religion' that pushes people to suicide, and punishes you for doing the right thing?? #heartbreaking",2: moderate amount of sadness can be inferred
You could have over a hundred million followers and still not a genuine person who understands you or wants to #cantshakethis #sadness,3: high amount of sadness can be inferred
@elebelfiore Isn't it always about control and mistrust?,0: no sadness can be inferred
"Went to bed a 1:30, fell asleep after, my niece started crying at 4. I'm dying... 😧",2: moderate amount of sadness can be inferred
@bennymcnugget Very sad and upset and idk :/,3: high amount of sadness can be inferred
and i shouldve cut them off the moment i started hurting myself over them :o,3: high amount of sadness can be inferred
@britmerc69 Stop it. You'll discourage people 🙈,1: low amount of sadness can be inferred
@bxchpls03 U so lucky ahu 😭,0: no sadness can be inferred
@Chan_lfc10 @paul_rule @Nuttall1878 @DeadlineDayLive @Everton We'd be fuming if the hijacked our £8m move for a relegated full back 😡,1: low amount of sadness can be inferred
@Jack_Septic_Eye Grass growing simulator is offended,1: low amount of sadness can be inferred
Head hurting 😤,1: low amount of sadness can be inferred
i love dark gurl wit da juicy booty,0: no sadness can be inferred
@RealSkipBayless Your opinions on sports is dreadful,1: low amount of sadness can be inferred
"@NewsByKatherine @jonkarl @ABC YOU GUY'S SOUND astounded!! Does anyone working w Trump WH have an any ethical,moral, values? 🙈🙉🙊",0: no sadness can be inferred
Fuck small talk tell me about at what age did you start disappointing your parents,2: moderate amount of sadness can be inferred
my mom's work has discounted riot fest tickets for $147/3 days i'm #saddened,2: moderate amount of sadness can be inferred
@LogicIsPowerful Not all of them are bad. But I support your right to offend them all.,0: no sadness can be inferred
462 appearances in PL and 200 goals!! 2.31 games per goal. That's very nearly a goal in every 2 games #crap 😂😂 🙄🙄🤔🤔 #Rooney,0: no sadness can be inferred
Do people notice that only saying 'You're so pretty' when I have make-up on. Is offense! \n&amp; I take note that they never say it when I don't.,0: no sadness can be inferred
"peplamb: stevenfurtick #comfort all who #mourn, To console those who #mourn in #Zion, To give them #beauty for #ashes, The #oil of #joy for…",0: no sadness can be inferred
Alaina and I are at 90 days on our snap streak. So?,0: no sadness can be inferred
United Airline at Newark needs more Kiosks so that people won't miss their cut off time.  And hire more ppl too.  #horrible,2: moderate amount of sadness can be inferred
If @TheRock's Presidential run is as bad as his appearance in #Baywatch neither party need fear his run. That's $8 I'll never get back #crap,1: low amount of sadness can be inferred
@chelseanews4you Best of luck blues army make us feeling goofy this season again  BLUES TILL ETERNITY,0: no sadness can be inferred
"I feel exhausted ...\nI tried to do a good job, but apparently God does not see me right. I'm weary! I EXIST! 😟💔📢\n#exist #weary #misonorotta",1: low amount of sadness can be inferred
@TGowdySC No wonder why we're in this mess. #NoLoyalty #youcaved ,1: low amount of sadness can be inferred
"@SRuhle @MSNBC Sebestian Gorka, what a arrogant A~hole! Has no business speaking! ",1: low amount of sadness can be inferred
@praddy06 sir.. will we have the need for umbrella today evening.. sun seems to be stronger to pave way for clouds.. 😟,2: moderate amount of sadness can be inferred
@wizkidayo Bro u just dey burst my brain Bro I need u 2 pls end everything rift BTW u nd my hommie davido pls Bro 4 d sake of luv.,0: no sadness can be inferred
@washingtonpost @silvajanes How awful!!!!!!,1: low amount of sadness can be inferred
The pessimist complains about the wind; the optimist expects it to change; the realist adjusts the sails.,0: no sadness can be inferred
@_Oteraw unhappy and unfulfilled 😂,3: high amount of sadness can be inferred
"Listening to these refugee children, barely a decade old, describe the horrific acts they were forced to commit is terrifying. #DatelineSBS",2: moderate amount of sadness can be inferred
"4 hours. \n4,189 words.\n1 story.\n#amwriting #horror #publishorperish",1: low amount of sadness can be inferred
"When I think about Yondu &amp; his crew, Rocket, &amp; Groot doing 700 jumps to Ego planet, I start laughing.",0: no sadness can be inferred
Letting go of anger is key to happiness. Please help me let go of these angry feelings. #happiness #anger,0: no sadness can be inferred
Same ☹,2: moderate amount of sadness can be inferred
@RGUpdate Have you tried English hospital food ?? #yak #gross ,0: no sadness can be inferred
"@lala Loving your book 'The Power Play'-It is a serious game changer. If nothing else, my dreaming big will land me amongst the stars. 🌠",0: no sadness can be inferred
@GILMONK1 Maybe to stand in the field to scare away the crows,0: no sadness can be inferred
"@BillMoyersHQ Elderly belong w/family; our social system is broken.  This egregious 'Meancare' will shake it up, alas.",1: low amount of sadness can be inferred
I have actually watch drugs destroy an entire family 😢Mother's on skid row. Oldest daughter lost her child. Father is estranged. #horrific,3: high amount of sadness can be inferred
I feel intimidated,2: moderate amount of sadness can be inferred
@CTAFails @cta is it ok for your drivers to smile not open the door and drive off ,1: low amount of sadness can be inferred
"@RyanHedderick happy birthday big fella, have a good one. up the blues x",0: no sadness can be inferred
@maidinaustralia D: That's horrid. *hugs*,2: moderate amount of sadness can be inferred
"guess who stayed up until 2am just incase someone called but they never did like i knew already , it's me, mistakes were made",2: moderate amount of sadness can be inferred
Everytime I think my life is getting better it never comes through #sadly,3: high amount of sadness can be inferred
#Rage and #disappointment man.... Is that life or what? Lol,2: moderate amount of sadness can be inferred
So disappointed in E! portrayal of Kylie Jenner! Makes her look so fake &amp; filthy rich @ every turn #disappointment @enews #LifeofKylie 🤢😒,2: moderate amount of sadness can be inferred
WAIT...Lawrence's friend dragged the fuck outta him!! ,1: low amount of sadness can be inferred
Hiya everyone if you want please #retweet my pin #rt #help #romance #wattpad    #hurt #tweet #twitter #thanks,0: no sadness can be inferred
"Can't handle rude people. Doesn't matter what job you do, a consultant or not, treat people how you would like to be treated 😡 #disapointed",2: moderate amount of sadness can be inferred
"Are we making the dark, darker or are we shining the light of Jesus into the dark.\n #Jesus  #light #shine",0: no sadness can be inferred
Worst dreams. 😥,3: high amount of sadness can be inferred
"@apinknumjoo Hello, namjoo unnie! Welcome to paradox.💕 i'm deeply sorry for the late greeting 😥 Chaey is wishing you to have a pleasant +",0: no sadness can be inferred
#IfOnlyPeopleWould not exist. #humanity #life #ignorance #nature #mothernature #sad #disappointment #smh #personal #opinion #views #animals,2: moderate amount of sadness can be inferred
Are u #depressed #hypo #manic #lonely #bored #nofriends #needfreinds #friend I feel chatty I wanna help ppl or just #makefriend 's #dm #moms,1: low amount of sadness can be inferred
Hey @SuperValuIRL #Fields in #skibbereen give your online delivery service a horrible name. 1.5 hours late on the 1 hour delivery window.,1: low amount of sadness can be inferred
@1720maryknoll I was #fuming Kenny.,1: low amount of sadness can be inferred
#anxious don't know why ................. #worry 😶 slowly going #mad hahahahahahahahaha,2: moderate amount of sadness can be inferred
"+++ '#Dearly #beloved, avenge not yourselves, but rather give place unto #wrath: for it is #written, #Vengeance is #mine; I …' #Romans12v19",0: no sadness can be inferred
@tonyposnanski Putin told him not to. #pout #heylookatthedistraction,1: low amount of sadness can be inferred
"So happy to be home from Ibiza the place is some thing else mad gaff that , need find a bird now I wanna start doing romantic things now 😂😂",0: no sadness can be inferred
@brownjayson @MylesGorham85 I subscribe to this same philosophy but then drafted Michael Floyd anyways because I'm #bad at this,1: low amount of sadness can be inferred
@_Buddh_ @rohit_mhpl @indujalali @rajnathsingh We are also wating when terrorism willb history. And one thing kashmir is not India's,0: no sadness can be inferred
Something #awestruck me today as i was laughing to a non subtitle korean variety show...,0: no sadness can be inferred
The same part of roof bar (driver's side) are stolen from Grand Vitara cars. Let it be known. This is really #disheartening #brunei,2: moderate amount of sadness can be inferred
Selling nudes pics and vids kik me to buy! Dirty_becca69\n\n#kik #kikme #kikusernames #snap #snapchat #findom #nudes #slut #kiktrade #horny,0: no sadness can be inferred
Excited to watch #stateoforigin tonight! Come on NSW #origin #blues #nsw #qld #nrl,0: no sadness can be inferred
@Zineeta_R @RusEmbUSA @mfa_russia The hatred and fear many russians have for anything non-russian is just sad.,3: high amount of sadness can be inferred
@AGlyndwr @TeaPainUSA All I know is the sentence will start with 'look...' like any high school punk would start a threat.,0: no sadness can be inferred
All and boy play n0 no play dull and mᴬkes.,0: no sadness can be inferred
"Wow! Today, totally seeing alot of #mean #people out in this #world! Turn it around and #start cultivating #kindness! #SuccessTRAIN #warrior",0: no sadness can be inferred
It’s lack of #faith that makes #people #afraid of #meeting #challenges …\n\n#MuhammadAli,1: low amount of sadness can be inferred
Don't fucking tag me in pictures as 'family first' when you cut me out 5 years ago. You're no one to me.,2: moderate amount of sadness can be inferred
Can't believe Zain starting secondary this year 😢,1: low amount of sadness can be inferred
What's worse than feeling discouraged? Not finding an emoji for feeling discouraged,2: moderate amount of sadness can be inferred
When you have just about enough @marmite in your jar at work for 1/4 of a slice of toast 😩😩 #unhappy,3: high amount of sadness can be inferred
"Remember, for everything you have #lost, you have gained something else. Without the #dark, you would never see the #stars.",0: no sadness can be inferred
@GarfieldLineker @TimCRoberts *on his back. Apologies for retweeting a tweet with grammatical error #mybad 😱,1: low amount of sadness can be inferred
Literally hanging on by a thread need some taylor ray tonight loving a bad dog sucks #taylorrayholbrook #hurting @TaylorRaysTweet,1: low amount of sadness can be inferred
@skh4808 @theveteran425FA @TomiLahren Then why'd they wait until now to start getting pissy?,0: no sadness can be inferred
"When the lights shut off and it's my turn to settle down, my main concern...",0: no sadness can be inferred
@theIeansquad @SatanHeavenly Rap is so unbearable and horrific.,2: moderate amount of sadness can be inferred
@imaorangepeeler Imagine you walking up them sober 😉,0: no sadness can be inferred
"Had frustration dream that left me utterly f**king furious. Plus side: so angry couldn't sleep, wrote 1500 words. Minus side: still raging!",1: low amount of sadness can be inferred
There's no excuse for making the same mistakes twice. Live &amp; Learn or deal with the consequences of being unhappy #truthbomb,2: moderate amount of sadness can be inferred
I am shy at first.It usually takes me a few minutes to assess the jaw of the people i am hanging out with and then i will act according🤷🏽‍♀️,0: no sadness can be inferred
Is it supposed to be this arduous to interact with other people? I'm 'other people' to them and they don't seem to struggle. ,1: low amount of sadness can be inferred
@mtailor “20% Better Than a Tailor”? Least a tailor would know #navy vs. #blue. $500 and 4 weeks for an #innacurate suit?,0: no sadness can be inferred
"@FangornForest1 @Brexit whose customers love it. Imagine being a hack these days, having to sing the tune the paymaster calls. #dismal",2: moderate amount of sadness can be inferred
"5 goals in 87 appearances last season between McKay, Holt and Windass! Simply is horrific! Get midfield balance sorted and team will fire!",1: low amount of sadness can be inferred
#dmme #kikme  #sext #horny  #ass #bbw  #naughty  #pussy #kik   #nudes  only  girls  😩 horny  #snap    jacobgigs,0: no sadness can be inferred
So @Ryanair site crashes everytime I try to book - how do they help? Tell me there's nothing wrong &amp; hang up #furious #helpless @SimonCalder,2: moderate amount of sadness can be inferred
"@nextofficial placed order for nearly a grand SIX weeks ago, called yesterday, order 'missing' and no call back today! #shocking",0: no sadness can be inferred
@jamie_93_lee Don't upset me 😢,2: moderate amount of sadness can be inferred
"again i realize some of you may worry about me being gone so long! fear not, for i have made a new life for myself in the sewers,",1: low amount of sadness can be inferred
“#Woe unto #you that are #full! for ye shall #hunger. #Woe unto you that #laugh now! for ye shall #mourn and #weep.”\nLuke 6:25,0: no sadness can be inferred
@Delta.  Are you kidding?  Delayed from 7:30pm to 11:00 - only to cancel it because the pilot is overtime.,2: moderate amount of sadness can be inferred
There's still sadness and hatred pero i do feel better than yesterday.,2: moderate amount of sadness can be inferred
Are u sad or upset?,1: low amount of sadness can be inferred
We know the #speed of #light; so what is the speed of #dark?,0: no sadness can be inferred
"It could be soul-crushing despair, but it also might just be the marshmallows I had for breakfast",1: low amount of sadness can be inferred
Past my test exam .. CDL achieved 😥,0: no sadness can be inferred
Every day I always get a bit sad when I've finished my lunch.,3: high amount of sadness can be inferred
@TheEllenShow I follow you bc your TV show keeps me laughing🤣.  When you #startle your guest sitting on that couch...booo...,0: no sadness can be inferred
@WhiteJennyB @EmreUslu jenny white  u r the dumbest here .. What r u trying ? Get lost..,0: no sadness can be inferred
"I want to digital art so bad, but my dad won't let me use my iPad till exams are over 😂",1: low amount of sadness can be inferred
@beautifuIbaek Wow! I hope i win. 😭 thanks for this. 😊,0: no sadness can be inferred
"Baby, I'm dancing in the dark",0: no sadness can be inferred
She mad sus hung up on me 😂,0: no sadness can be inferred
@MarkWontUseThis You'll pine for my love one day Crabbe,0: no sadness can be inferred
@Cex Waste of time had this before nothing gets done. Won't be using you again #awful,3: high amount of sadness can be inferred
Yes @itv2 @LoveIsland putting that Angel @MikeThalassitis back in the villa was the best move #revenge #returnofthemike #LoveIsland #hot,0: no sadness can be inferred
"@ehtesham_toi @RaviShastriOfc unfortunate decision, our players are more of superstars than cricketers. BCCI scared of their tantrums.",0: no sadness can be inferred
"Like I might've set it down on top of my car &amp; if so, that shit is long gone 😭 ",1: low amount of sadness can be inferred
What do I do with my heart that is trembling by just the thought of it?\nI really don’t know what love is,2: moderate amount of sadness can be inferred
#DamilolaOurLovedBoy So upsetting 😢😢. Why do people want to hurt others! Such a cruel world we live in #heartbreaking,3: high amount of sadness can be inferred
y'all don't understand. this woman's wrath is REAL. 🌹🖤,0: no sadness can be inferred
How sick must someone be that they wish to 'punish' someone for not being their friend?  #insecure #lonely #miserable #vengeful #RHOC,2: moderate amount of sadness can be inferred
"Dannie you're a terrible influence, piercing time😂💉",0: no sadness can be inferred
"I think 'Sleep' is my favorite from How did we get so dark?, maybe because I'm insomniac",1: low amount of sadness can be inferred
Definitely something happening today #SolarEclipse2017 #weird #annoyed,1: low amount of sadness can be inferred
"@livedarts R.i.p my friend, cant get my head round this,    #devastated    x",3: high amount of sadness can be inferred
"If you are going to be a nurse, learn to be a nice patient person, Jesus 🙃 ",0: no sadness can be inferred
work is going to kill me and 5 o'clock is nowhere near 😟,2: moderate amount of sadness can be inferred
Totally scare for this upcoming results .,0: no sadness can be inferred
@IainDale @LBC The only word worse than 'moist' in my opinion is 'scrape'. #ugh #shudder,0: no sadness can be inferred
@TimmyLDN Looks dreadful... 👀,1: low amount of sadness can be inferred
if not then #teamchristine bc all tana has done is provoke her by tweeting shady shit and trying to be a hard bitch begging for a fight,0: no sadness can be inferred
@620wtmj Seriously @620wtmj !? This is news to you?!? #sad \n\nWhy not focus on important issues??,2: moderate amount of sadness can be inferred
"@NitashaKaul @Snehakaul2Kaul so beautiful dear, thanks,everybody knows it is in benefit of India &amp; GOI has done this terror attack as before",0: no sadness can be inferred
a lot of universities actively discourage even just one part-time job because it has a negative impact on studies--,1: low amount of sadness can be inferred
@KeithRothfus Your silence=complicity. Obviously you have no problem with Russian interference. #sad #russianhacking #treason,2: moderate amount of sadness can be inferred
i just wanna be sober with u,0: no sadness can be inferred
'we need to do something. something must be done!!!!!'\n\nyour anxiety is amusing. nothing will be done. despair.,2: moderate amount of sadness can be inferred
@TheView Joy isn't a comedian. She's a bully for fat shaming the governor. Great example she's setting for her grandson.,1: low amount of sadness can be inferred
"[ @TheChicMystique ] — hurting badly and that he can't just leave him like that. Angry and heartless. ]\n\nI promise you that I'll be back, —",2: moderate amount of sadness can be inferred
I've got builders in my office and I have a game to make. Perhaps ill start sketching the next game... #gamedev #indiedev ,0: no sadness can be inferred
"' i can't even tell u a lie I felt like u were special, till I realized wassup and left, got u feeling dreadful '",2: moderate amount of sadness can be inferred
@MikeAndMike @Buster_ESPN if you get time.. @Orioles buyers it sellers or what are we going to do!!?! #panic,1: low amount of sadness can be inferred
I like the #glow in the #dark #fidgetspinner. Not because it glows the dark neither. It feels more lighter and smoother than the others,0: no sadness can be inferred
Damn I lost my keys and I forgot to get the garage opener,1: low amount of sadness can be inferred
Shame the cashback @mbna @AmexUK credit card comes to an end. I used to look forward to that end of year bonus. Sad really. #cashback ,3: high amount of sadness can be inferred
"@JoyceMeyer @mrsglessman #day of #vengeance of our #God; To #comfort all who #mourn, To console those who #mourn in #Zion, To give [4/7]",0: no sadness can be inferred
"When Duane Allman died, I learned to appreciate Stevie Ray Vaughan. True story.  #blues #legends",0: no sadness can be inferred
made up my mind to \nmake a new start,0: no sadness can be inferred
"That you have banished your own sadness, the way I am? #somber",3: high amount of sadness can be inferred
nomore drinking for me 😌😂 #serious,0: no sadness can be inferred
🇿🇦has become a place where people even the most timid of us all are baying for blood around every corner.,0: no sadness can be inferred
"We can replace #loss with #hope, #hate with #love, #pain with #gain, if we close the window of #bitterness and open doors of #faith. #TryIt",0: no sadness can be inferred
"ARMYs we see you working hard to keep BTS on the Social 50 chart!\nDon't feel discouraged, it's still amazing that BTS is #2 with no promos 💕",0: no sadness can be inferred
Okay I seriously don't know how this whole twitter thing works #lost,0: no sadness can be inferred
Happy that we played tgt as a team once. Thought there would be another chance out there but sadly no. Rest In Peace my dear friend. :(,3: high amount of sadness can be inferred
i excepted the eclipse to make me believe in an omniscience force #dissapointed,1: low amount of sadness can be inferred
#NAME?,0: no sadness can be inferred
@JuliaHB1 @talkRADIO culture &amp; language already protected.\n£ on 'promoting Welsh' better spent on Tourism or our dreadful schools ed record,0: no sadness can be inferred
@andyfleming83 Bastard squirrels. 😡,0: no sadness can be inferred
#LouiseLinton - haters gonna hate keep on being your#fabulous self they'll keep on being  #miserable,2: moderate amount of sadness can be inferred
@KicchaSudeep No words Sir... Thank you for the concern..,2: moderate amount of sadness can be inferred
Please stop ruining my depressing memes with your positivity and optimism,1: low amount of sadness can be inferred
#Worry never robs tomorrow of its #sorrow; it only saps today of its #strength - A. J. Crown #faith #positive #motivation,0: no sadness can be inferred
What does Amelia want?! Sarah was v grateful  #CBB,0: no sadness can be inferred
I'm sorry but also...fuck you #currentfeels #anger #bpd #eupd #borderliner #mentalhealth #anxiety #depression #confused,3: high amount of sadness can be inferred
"People were always afraid that stodgy squares would kill rock and roll, but the only legitimate threat was ever child choruses.",1: low amount of sadness can be inferred
I must be a goblin for it rains every time I'm effin sad. Lol,2: moderate amount of sadness can be inferred
Wtf shawty ass on 😤,0: no sadness can be inferred
"@jamesmb @DonaldJTrumpJr His knife is clean. He is tough enough to fire a gun, but not tough enough to get his hands dirty. #awful",2: moderate amount of sadness can be inferred
@elegantlywasted @ChelseaClinton Are they the new kennedy's of American politics.. sadly both mom and daughter are as charming as a toe nail,2: moderate amount of sadness can be inferred
probably watching sad bts video bc im sad :( iwannacryy :(\n halppp,3: high amount of sadness can be inferred
Just paid out my arsehole for a couple of New Found Glory tickets but it's gonna be a GREAT start to my birthday weekend 👊,0: no sadness can be inferred
Oh @BentleySystems what hast thou done to thy configurations? #despair,1: low amount of sadness can be inferred
I just watched the video that i took at troye's concert last year during happy little pill and now im crying i miss him @troyesivan 😭,3: high amount of sadness can be inferred
What is this miserable ass weather all about 😭 dark and gloomy #depressing #weekoff #wheresthesun,3: high amount of sadness can be inferred
-c- and disarmed of her equipment on suspicion of being a potential accomplice to Annie Leonhart.,0: no sadness can be inferred
#AmericasGotTalent live shows with so many technical faults #disheartening,2: moderate amount of sadness can be inferred
@DonaldJTrumpJr thinks the Oliver North defense insulates @POTUS but all it does is make @realDonaldTrump look inept! #NYTimes ,0: no sadness can be inferred
I'm kind of tired of everything #summer #heat #bicycle   #videogames #bookwriting #nothavingacomputer,2: moderate amount of sadness can be inferred
Everything I order online just comes looking like a piece of shit 😤,3: high amount of sadness can be inferred
Can't drink all day if u don't start in the morning .. Drake gets me 😛,0: no sadness can be inferred
MY POWER GOES OUT AND SHORTS OUT MY XBOX!! HAD IT SINCE DAY 1 LAUNCH OF COURSE IT BREAKS ON MY BIRTDAY! #birthday #xbox #sadness,3: high amount of sadness can be inferred
@ProfessorF @Mediaite @law_newz Childish temper #tantrums are all the left has left. :),1: low amount of sadness can be inferred
Outside has basically become a horror movie where gypsy moths take over the world by flitting aggressively about.\n\n#creaturedoublefeature,0: no sadness can be inferred
"@JackRuff4 They have this horrible pudding here. Butterscotch pudding on Mondays, it's dreadful. #Fringe",2: moderate amount of sadness can be inferred
Can't believe I've lost my phone get me home,2: moderate amount of sadness can be inferred
"@thatradiogeek That is a tremendous thing to wake up to and read, man. Glad to hear it, as we need WAY more people helping with this.",0: no sadness can be inferred
"Brighten up a gloomy day with a @SiennaXOfficial spray tan, we have a tan to suit everybody! #spraytan #tan #summer #godalming #hurtmore",0: no sadness can be inferred
Time for a #burst #burstcoin fork??,0: no sadness can be inferred
@eben4u #stayed on you...makes you appreciate love worshiping....All i want to do is worship you!!,0: no sadness can be inferred
@Aaron_0424 @marquezmark06 This is serious paranormal stuff going on.,1: low amount of sadness can be inferred
"If you sit back, watch &amp; listen to every .@TheDemocrats &amp; .@DNC member, you'll quickly learn it's #Victimhood, #racism, &amp; #hatred. I'm #WOKE",2: moderate amount of sadness can be inferred
"I mean, not that I wanted goats to faint... but I wanted to see the goats faint.  #eclipse",0: no sadness can be inferred
At this point I can't tell if I just follow more people in politics on twitter now or if I need new friends. #wheresthefunny #depressing,3: high amount of sadness can be inferred
Really don't want my mom to go back home 😢 😢 😢 😢 😢 😢 😢  #gutted #crying #miserable #why,3: high amount of sadness can be inferred
Was a huge fan of @Ryanair but last few flights have been horrific. #rude #poorservice #nostock etc etc etc #dissapointed,3: high amount of sadness can be inferred
"Africa has unique and tremendous problems with war, overpopulation, starvation and tribalism which makes moving Africa forward hard.",1: low amount of sadness can be inferred
Do not presume that richness of poorness will bring you happiness - Santosh Kalwar #quote #mentalhealth #psychology #depression #anxiety,1: low amount of sadness can be inferred
"coffee the floor; And the soul grew furious as the stillness broken by little,",1: low amount of sadness can be inferred
@jaassiieeeee I will not fall to the dark side😂😂,0: no sadness can be inferred
"@emmajckson awe thank you (,:",0: no sadness can be inferred
@BBCBreaking I have some mistrust of the medical profession.  The cover up was more important than the patients.,1: low amount of sadness can be inferred
Look upon mine #affliction &amp; my ​​​#pain​; &amp; forgive all my sins. -Ps 25:18,1: low amount of sadness can be inferred
Caleb had a nightmare about zombies. I had a dream about freedom.......,0: no sadness can be inferred
The next time I go to Lagos I will gate crash somebody's owambe dressed in lace and gele to eat amala and shake my waist😑,0: no sadness can be inferred
Damn I'm tired as hell I never get a off day during the week anymore 😭 I wanna call in so bad but these lil 60 hrs sounds so good.,2: moderate amount of sadness can be inferred
A bih be on lock down and shit. #depressing,3: high amount of sadness can be inferred
How do you feel about @Snapchat new feature #SnapMap 👎👍❓ #twitterpoll #polls #vote #Poll #Snapchat  #twitter #tech #technology,0: no sadness can be inferred
So now I have to buy a whole new computer ,0: no sadness can be inferred
@who_cares_nvm The destroying of my memory is my goal so ECT might work. Or a zapper thingy like in Men in Black. Or Dumbledore's pensive.,0: no sadness can be inferred
@mrjamesob @LBC 😂 snowflake random such a funny man never a dull moment brilliant,0: no sadness can be inferred
Good morning and happy Tuesday! I hope you have a terrific day! Enjoy it tons 😃,0: no sadness can be inferred
I've come to the conclusion that the online world is seriously 'fucked up' there's absolutely no other words to describe #bleak  #grim,1: low amount of sadness can be inferred
@Rainbow6Game felt guilt from playing this game. #horrible #RainbowSixSiege,3: high amount of sadness can be inferred
Imagine suffering chronic depression  and being told 'you have an unattractive chip on your shoulder' #DWP #WRAG #WWW.GOV.UK #Mentalhealth,3: high amount of sadness can be inferred
@realDonaldTrump You've spent more time and energy protecting Michael Flynn than your own son. You're a coward and an awful parent.,2: moderate amount of sadness can be inferred
"@thealexpeace Not bad at All, think may come back to haunt you's",0: no sadness can be inferred
The sound of rain is pretty peaceful when you're in a very annoyed mood 😅,1: low amount of sadness can be inferred
3 and a half hour more 😤 #EXO,0: no sadness can be inferred
James Clapper 'scary and disturbing'.  #25thAmendmentNow #ImpeachTrump  #terrified #nuclearcodes  #Godhelpus,2: moderate amount of sadness can be inferred
@UNESCO Remember not to spread #hatred and #fakenews on the internet. Do not abuse #Hashtag10 for spreading #ArabNationalism!,1: low amount of sadness can be inferred
"Leviticus 19:14\nYou shall not curse the #deaf or put a stumbling #block before the #blind, but you shall #fear your #God: I am the [1/2]",0: no sadness can be inferred
I never thought I would say this but I really miss Todd 😥,3: high amount of sadness can be inferred
"Imagine how many ksones are crying right now for not getting tickets 😭 Meanwhile, isones dont even get a chance to go on war for tickets 😭",3: high amount of sadness can be inferred
Can't Talk To An Incompetent Person. Goes In One Ear and Out The Other. #irritated #NoPoint #MassiveEyeRoll,1: low amount of sadness can be inferred
was one moron  driving his oversize tonka truck with the big flag in the bed back and forth blaring country music. 😐 #disappointment,1: low amount of sadness can be inferred
"i don't understand ppl who save wasps , next chance that lil dude gets he gnna sting ur grandma",0: no sadness can be inferred
@sophieathertonn @lillynewtonx That's actually awful! You are in for a treat when you get home tho!!,0: no sadness can be inferred
"Counting on you, Queensland. #StateOfOrigin #Broncos #maroons #blues #NSWBlues #qld",0: no sadness can be inferred
"@JusticeWillett Lord, we don't understand tragedy. Do what You do best: bring good grom it and comfort those who mourn. Amen",1: low amount of sadness can be inferred
All this makeup is going on sale....\nBut I ain't got the funds. #heartbreaking,2: moderate amount of sadness can be inferred
@uzalu_ @Veeh_Ro What a joyless cunt.,1: low amount of sadness can be inferred
why is everybody seem sp serious?,0: no sadness can be inferred
"The blackest abyss of despair, Alonzo",2: moderate amount of sadness can be inferred
@BrettKeeble I guess it never. @smartassunit #worry,0: no sadness can be inferred
#World do you know what the difference is between #drunk and #sober? One word. #Coherence.,1: low amount of sadness can be inferred
EEEEEKKKK!!!!\nProduct LAUNCH 😍✋💖\nI'm am literally B•U•Z•Z•I•N•G!!!\nSingle sachets 😍😍\n \nMessage me for yours! 😜🙆💜#loveyourlifestyle #shakes,0: no sadness can be inferred
@3lectric5heep Well that must sting doesn't it @CNN ?,0: no sadness can be inferred
"I posted a snap of my dad, and someone thought he was my GRANDMOTHER #crying",0: no sadness can be inferred
Last Sunday YouTube glitch making me lose up to 20 subs is heartbreaking for a channel my size! Nearly at 1K though #1Ksubs #youtube soon 😀,0: no sadness can be inferred
Nah but as a governor how do you call someone a bum &amp; that you love calls from 'communist in Montclair' ? 😂 #crying,0: no sadness can be inferred
"Too much caffeine, and I'm dyyyying. #jitters #shakes #paranoia #heartbeat1000 ☕💔",2: moderate amount of sadness can be inferred
"@KitchenAidUSA  I spent over $500 on your mixer, yet the dough hook chips in my dough.  I buy a new one and the same thing happens. #unhappy",3: high amount of sadness can be inferred
Jeong su is easy to get along with everybody likes him and not intimidated by him.. I like him.. he reminds me of seunghoon,0: no sadness can be inferred
Post TRNSMT blues,0: no sadness can be inferred
@Bravotv is there a way to watch NYC Million Dollar Listing &amp; filter @FredrikEklundNY OUT of the episodes? #primadonna #duckface #tantrum,1: low amount of sadness can be inferred
My new favourite #film with out a shadow of a doubt it #Okja #beautifull #funny #sad #emotional #real #Netflix #MUSTWATCH #now,0: no sadness can be inferred
It's a beautiful pout. c:,0: no sadness can be inferred
@SkyUK not impressed by your customer support. Forcing customers to use fb chat or sms! Very slow. issue is not getting sorted ,2: moderate amount of sadness can be inferred
@WeAreElektron sadly #digitakt seems to be out of stock all over Europe. Do you know  if any European online store that has it?,0: no sadness can be inferred
"Beware the wrath of an angry, frustrated, #agile grandma with a network. 👵🏼😡 I'm just sayin'. #objectlesson",1: low amount of sadness can be inferred
@Cmdr_Hadfield CNN's Wolf Blitzer calls you an American astronaut and you don't correct him? #dissapointed,2: moderate amount of sadness can be inferred
Did men call themselves shy and mean it? So I reassure him that I'm just making sure he's a good investment and alla that 🙄,0: no sadness can be inferred
She was obviously moved by the music of @RobertCrayBand tonight and wanted to share the love. #blues #concert,0: no sadness can be inferred
"Girls masturbate too,boys cry too!\n#girls # boys #cry #masturbate",0: no sadness can be inferred
"@angrydwarf9 @carolinesandall It ruins my frigging night each night at 9pm. Mrs loves it, i've been early to bed for a month. #dreadful",3: high amount of sadness can be inferred
Totally regret signing up with @sprintcare @sprint ,2: moderate amount of sadness can be inferred
"@RoflCritic @NBTDilli @SudamaNBT ,BJP MCD busy collection of suvidha sulk from unauthorised colonies",0: no sadness can be inferred
Russia story will infuriate Trump today. Media otherwise would be giving him tongue bath for fall of ISIS in Mosul + al-Baghdadi death.,1: low amount of sadness can be inferred
And I'm really pissed the fuck off because I do a good job of keeping my kid well because I don't like to see her sick and sad.,3: high amount of sadness can be inferred
Hey @NHSEngland imagine being blue lighted to hospital unable to breathe only to be dumped in a cubicle and not seen for 4 hours #horrendous,1: low amount of sadness can be inferred
Sending love &amp; prayers to the families of @USMC Marines lost in the C-130 crash in Mississippi. May our Lord help abate the grief and sorrow,2: moderate amount of sadness can be inferred
"I like how all itos manga end with the most bleak and hopeless endings, but not doing it in a way to make it look like the protagonist lost",1: low amount of sadness can be inferred
Not sure tequila shots at my family birthday meal is up there with the best ideas I've ever had #grim,1: low amount of sadness can be inferred
"Nigga write me talking bout I dreamt about you, cool I hope I was haunting you in a nightmare",0: no sadness can be inferred
@ScottAdamsSays broke it down on #snap great analysis on #CNBC,0: no sadness can be inferred
You would think booking a holiday for 2 you'd be sat next to each other on the bloody plane #fuming 😡@ThomsonHolidays,1: low amount of sadness can be inferred
How come quiet well behaved cats and dogs have to ride on a plane in a tiny bag while screaming small humans roam free? #outrage #teampet,0: no sadness can be inferred
"*on a lighter note*\nGG, Nkaissery &amp; Total Man? The rate at which Jubilee is losing these votes!! 😟",0: no sadness can be inferred
Still #devastated and #sad #Tariq's #TariqLive channel is no more and #ProfessorBlackTruth as well. #YouTubeFAIL #EpicFAIL! #TariqNasheed 😢,3: high amount of sadness can be inferred
"That was absolutely the two worst National Anthem singers I've ever heard, both of them screwed up the words #awful",2: moderate amount of sadness can be inferred
I'm soooo annoyed. Wait to start my morning.,2: moderate amount of sadness can be inferred
Hearing the Song by Phone glued to ears like if the singer spoke to me... #mad #mad hahah,2: moderate amount of sadness can be inferred
@NRO @Acosta @CNN @realDonaldTrump remember when NRO gave CNN grief about their relentless HC email crusade? me either.,0: no sadness can be inferred
#depressed Today was bitter sweet watching all the kids go back to school made me really miss my babies. I'm so broke #backtoschool2017,3: high amount of sadness can be inferred
@o_pebbles Not of this one sadly! 😪,2: moderate amount of sadness can be inferred
My best friends driving for the first time with me in the car #terrifying,1: low amount of sadness can be inferred
When you just don't know where to go or what to do next.. in life..🤔 #lost,2: moderate amount of sadness can be inferred
@LoveMyFFAJacket FaceTime - we can still annoy you 😂,0: no sadness can be inferred
Migraine hangover has to be the worst thing ever 😣 #burst,2: moderate amount of sadness can be inferred
"You can have a certain #arrogance, and I think that's fine, but what you should never lose is the #respect for the others.",0: no sadness can be inferred
"It's rained every day since June 30. That's 13 #dreary, #soggy days in a row. #auckland",0: no sadness can be inferred
Alright Alex and I have party boy neighbors who blast music ,0: no sadness can be inferred
Being @ #work #sober 🤦🏽‍♂️ I can not do it,1: low amount of sadness can be inferred
"Shooting more than ever, making more mistakes than ever but I jumped in the pool of sharks a long time ago.  #relentless *#resilient",1: low amount of sadness can be inferred
"aleesha—kitchen sink, twenty one pilots (!!)",0: no sadness can be inferred
@PuddlesPityP once again you have made me a very happy woman! Thx P and Casey. Sigh. #worththewait #cry #beyootifulll,0: no sadness can be inferred
"5,000 new US #citizens swearing in now! #tears #congratulations",0: no sadness can be inferred
@vivaonline Oh schade 🙁,1: low amount of sadness can be inferred
Saw my first Larsen trap today with stressed magpie. I NEVER EVER want to see that again  #angry #distressed #wildlife,3: high amount of sadness can be inferred
"Theme of week: Ask the Lord for strength &amp; perspective to persevere in #integrity and effort, despite being #disheartened &amp; disappointed.",2: moderate amount of sadness can be inferred
@AllyiahsFace You're page is full of make up. It's a valid question. But you probably prefer to be smashed and dashed,1: low amount of sadness can be inferred
@hollloman @nessa_babbby @ajvannozzi97 As half a set of twins I resent that!,0: no sadness can be inferred
"@CNN @NewDay If #trump #whitehouse aren't held accountable for their actions,what precedent is being set for future presidencies. #nightmare",2: moderate amount of sadness can be inferred
That moment when you look back and realise you've been a #selfish #horrible #judgemental person. #FeelingAshamed,3: high amount of sadness can be inferred
@StateDept #That certainly does not bode well for #Afghan woman and girls #bad option,1: low amount of sadness can be inferred
God this match is dull #Wimbledon,0: no sadness can be inferred
@AliceT120 @shaney_waney1 @shaney_waney1 u horrible non gender binary boy go fangirl over some mediocre singers who CANT EVEN SUPPORT,0: no sadness can be inferred
Listen ... this golden brown is giving me life ... but why the hell did my feet have to get so dark 😓,2: moderate amount of sadness can be inferred
Got woken up by a road sweeper I was trying to sleep ,1: low amount of sadness can be inferred
@Activehours I need someone to reply back to me immediately. I am not happy and not getting timely responses through the app! #help ,3: high amount of sadness can be inferred
@silverstein 13th time seeing you guys today and you cancel the meet and greet because of the storm. We're all soaked.. 😡 #dissapointed,2: moderate amount of sadness can be inferred
@JohnMayer No DSM shows. #sadness,2: moderate amount of sadness can be inferred
@AwardsDaily Looks that way.  I don't want to see how Q is going to handle Tate murder.  #shudder,0: no sadness can be inferred
@FabianisWailea No. No i did not. ,0: no sadness can be inferred
"@Argos_Online customer service is dreadful, phone bill is huge and get passed from person 2 person and keep taking money off my card #idiots",2: moderate amount of sadness can be inferred
"If u #smile too much😀\nu get frown lines,\nif u #cry too much😣 \nu get eye wrinkles,\n\n🔂 laugh&amp;cry\n\n ...it's #life 💗\n\nHave a great day\n\n🍯🐝's",0: no sadness can be inferred
Woke up feeling fresh with a clear mind. That's never happened before.\n#morning #sober,0: no sadness can be inferred
By the way...in case you didnt know...joshuas goin out tonight...to take the trash out and then play blues at ever us 6.75,0: no sadness can be inferred
Julia and I are finally going to be able to meet PTX #crying,1: low amount of sadness can be inferred
It's such a strange juxtaposition of emotions. A sense of euphoria but a sense of out most despair.,2: moderate amount of sadness can be inferred
So disappointed in myself for spending £50 on an outfit for meeting a boy #noselfcontrol #nervous,2: moderate amount of sadness can be inferred
"@F1 Why announcing so late, it will be hard to make it from Manchester and organising a day off. #sad",3: high amount of sadness can be inferred
How shit and depressing is this weather wish I can travel the world for a living,3: high amount of sadness can be inferred
Okay @BTS_twt it was fun and all you can change your layout back to something goofy and domestic as usual pls I'm intimidated rn,0: no sadness can be inferred
Israel's recent overtures towards West Africa seems to be attracting some elements of suspicion...an unnecessary suspicion though.,0: no sadness can be inferred
@Uber very disappointing that support has not responded to my email!! #bad #uber #service,3: high amount of sadness can be inferred
"Wrapped In This Burrito, Gotta Sweat This All Out 😰",0: no sadness can be inferred
I think I'll eternally be irritated by our LIT teacher 😂,0: no sadness can be inferred
@JoshuaRozenberg Oh dear! #tantrums,0: no sadness can be inferred
@virtualalien there are more #frightening things in life\n\n#BeyondTheSphereOfReasonableDoubt,1: low amount of sadness can be inferred
"#Worry, #doubt, #fear and #despair are the enemies which slowly bring us down to the ground and turn us to dust before we die.",3: high amount of sadness can be inferred
@hdfcergogic yr customer care exec r unable to pull information on l&amp;t insurance #horrible #service #beware #renewal,2: moderate amount of sadness can be inferred
Freakin a...I deleted half the episode of BIP on accident  #bachelorinparadise,0: no sadness can be inferred
I’m so glad I’m not like some of the sad people online who gossip and bully others for their entertainment because they have no life.,1: low amount of sadness can be inferred
We need but little learning to live happily - Michel de Montaigne #quote #philosophy #wisdom #wisewords #mentalhealth #psychology #anxiety,0: no sadness can be inferred
@mysarazaman Ya it makes me be more selfish and disheartened,2: moderate amount of sadness can be inferred
Quite possibly the worst anthems I've ever heard in pro sports by both singers. I wish I was deaf. #ASG2017 #mlb #MLBAllStarGame,1: low amount of sadness can be inferred
My dog wouldn't stop barking so now I'm up at eight am with a raging headache,3: high amount of sadness can be inferred
@theAliceRoberts @FryRsquared @AdamRutherford They've obviously never tried 'repressing' a red head #fiery,0: no sadness can be inferred
@rosieblossoms_ What a miserable piece of shit 😡,2: moderate amount of sadness can be inferred
My boyfriend is my whole world 😭,0: no sadness can be inferred
smiling but we're close to tears,3: high amount of sadness can be inferred
Paul Ehrlich said that humanity is a threat to all life. Such great news to start the day. If I could blush I would.,0: no sadness can be inferred
@WDA_Punisher @SgtDangerCow @Battlefield I think so too. \nCasual audience was particularly unhappy with server admins and server rules.,1: low amount of sadness can be inferred
The way I'm always on twitter at work is a little alarming 🤦🏾‍♀️,0: no sadness can be inferred
Each and every time I log on to that website to view the Lindsey Vonn pics I am #saddened by the courseness of our culture.,3: high amount of sadness can be inferred
"@UKSportsZone In other words, I don't like the result of the poll so I'm packing up my polls &amp; taking them home while I pout. 😂😂😻 #bbn",0: no sadness can be inferred
depression sucks😔,3: high amount of sadness can be inferred
A programmer’s wisdom is understanding the difference between getting program to run and having a runnable program.  #puppy,0: no sadness can be inferred
"@devlinjim @SophieLong01 What about Daniel 7:9? - his throne was like the fiery flame, and his wheels as burning fire.",0: no sadness can be inferred
@GemmaAnneStyles @Fabicelolly we don't have these in america (i think) i'm #upset and #hurt,2: moderate amount of sadness can be inferred
Someone's nicked my lunch out the fridge at work!! Roast dinner as well! #fuming,2: moderate amount of sadness can be inferred
"To #Wyoming: you have a beautiful state but your road signs, or lack thereof, are terrible. #lost",1: low amount of sadness can be inferred
Man I feel like crap today 😰,2: moderate amount of sadness can be inferred
If God had a plan he would've made already #discouraged,2: moderate amount of sadness can be inferred
Chelsea and united must be furious,0: no sadness can be inferred
@kylegriffin1 It's disgusting. #sick,2: moderate amount of sadness can be inferred
Chopper &lt;&lt;Dammit! Just sink already!&gt;&gt;,0: no sadness can be inferred
@BecOfTheKop Something for me to ignore then. Sounds dreadful.,1: low amount of sadness can be inferred
@FFigureFBust How so? I've been thinking of getting it done and now you've given me a frighten.,2: moderate amount of sadness can be inferred
"O, the melancholy Catacombs quickly wandered about the Rue Morgue, Madman!",0: no sadness can be inferred
Lost my appetite for the past 5 days and I swear I already lost 3 pounds #depressing #at #least #i #will #be #skinny #for #pride #weekend,3: high amount of sadness can be inferred
Tonight's run.... #restless,2: moderate amount of sadness can be inferred
"Been at work for not even 4 hours and I've thrown boiling tea everywhere, smashed a mug, smashed a milk jug and sliced my finger open😐",3: high amount of sadness can be inferred
@LoveIsland #loveisand next time there's a dumping get #Olivia out of there! She's #dreadful and not good for Chris,2: moderate amount of sadness can be inferred
This prison is awfully gloomy. Would you mind if I put some ribbons on the bars?,2: moderate amount of sadness can be inferred
Threaten to leave your girl shaking in a wet spot ....,0: no sadness can be inferred
@ThomasEWoods I would like to hear a podcast of you going off refuting her entire article. Extra indignation please.,0: no sadness can be inferred
"@chrisyour Don't be sad, ultimately it's apparently not supported completely but mostly working :-)",0: no sadness can be inferred
"I click on download on my PC. Message says 'Thank you for downloading #iTunes \nSo, where's the download?! #frustrated ",0: no sadness can be inferred
Didn't know the @ChickfilA cow day thing ended at 7:30 so showed up 30 min late looking like a cow with no sandwich #sadness 😅😅😅,2: moderate amount of sadness can be inferred
I woke up still not hardly believing what all happened last night 😰,2: moderate amount of sadness can be inferred
@BorisJohnson unhappy about the cost of leaving the EU ? If only you had published your letter outlining the reasons to stay instead. Idiot.,2: moderate amount of sadness can be inferred
@del_krushnic I knw you have a temper paaa lol just chill dear don't be pissed waii or I will else worry u saaa but I'm sorry 😫,2: moderate amount of sadness can be inferred
I'm back on Twitter! #madden #madden18 #maddenmobile #ea #nfl #espn #packers,0: no sadness can be inferred
@SkyUK I was just put on hold for 20 minutes till I hung up. #not happy #terribleservice #unhappy @virginmedia I should have stayed...,3: high amount of sadness can be inferred
@smolchika ya and kind of depressing if you think about it\n!,1: low amount of sadness can be inferred
@The_Lucbomber @EtikaWNetwork Etika is polneraffs long lost brother confirmed,1: low amount of sadness can be inferred
"Please ruin this party, @NSWRL. #origin #blues",1: low amount of sadness can be inferred
Get the feeling @Eurosport_UK and @itvcycling might be reviewing showing all stages in full. Poor @robhatchtv @nedboulting 😴😴😴 😉 #dull,0: no sadness can be inferred
When did it all started? All these depression &amp; anxiety shits?All these suicide thoughts?All of these bad thoughts thts hugging me at night?,3: high amount of sadness can be inferred
"Blah blah blah Kyrie, IT, etc. @CJC9BOSS leaving Boston is the real news and I am #devastated! #celtics #fave  #someonegetmeajerseyteeasap",2: moderate amount of sadness can be inferred
If you build up resentment in silence are you really doing anyone any favors,0: no sadness can be inferred
Can't stand it when lads put their middle finger up in pics ,1: low amount of sadness can be inferred
@michaelsloan87 @SkyFootball The disappointment when it's actually a new club sponsor! 😂,1: low amount of sadness can be inferred
Dirty Chai tea with Rumchata hits the spot on this gloomy Tuesday morning. 😊,0: no sadness can be inferred
@jihnwi u literally name us a word close to prostitutes ok oomf...... 😰,1: low amount of sadness can be inferred
@1ncamera @Weehugs @DavidYoungPA @PA Stupidity is part of their proud cultural identity. 😠,0: no sadness can be inferred
#Hopkinsville #Ky is #total #eclipse #capital of #world #August 2017 #dancing n #moon #dark #eclipse2017 #EclipseAcrossAmerica #Edgar #Cayce,0: no sadness can be inferred
B4 I couldnt get out of bed or look in mirror Thankful4all the support I have recieved here ImWakingUpHappyNot dreading theday,0: no sadness can be inferred
I love seeing @yeahlizzy because it reminds me I'm not the only one miserable at work 😅,1: low amount of sadness can be inferred
Hmm...looks like no one @Tampax is available to respond. Its like waiting for a #doomsday reply. That #burning question with no #answer,0: no sadness can be inferred
@morninggloria I came for the 'damn boy' jokes but stayed because you are great at your actual job 👍🏾,0: no sadness can be inferred
Coulda sworn it was Interview With A Vampire. Hmmm......Mandela Effect anyone? \n#interviewwithavampire #annerice #books #horror #ilovevamps,0: no sadness can be inferred
"Hey, everything is gonna be okay, may God kiss your weary face. Everything is gonna alright, let peace be yours tonight",0: no sadness can be inferred
#Twitter these days is just a massive critical debate on those that people don't like #annoying #depressing and #dull 😑,2: moderate amount of sadness can be inferred
"Lost without my Mom 😢 plus tired, sick and full of cold is just another day in paradise..... #upset #unwell #missyoumommybear 💖💖",3: high amount of sadness can be inferred
@rachelkennedy84 @callummay @Ned_Donovan @JeyyLowe @jimwaterson @dats Can it do the bell ringing and incense at consecration?,0: no sadness can be inferred
Why the FUCK have i just saw a Game of Thrones spoiler on snapchat? SOME OF US HAVENT SAW IT YET 🖕🏻🖕🏻🖕🏻🖕🏻🖕🏻 #arsehole,1: low amount of sadness can be inferred
@JeffBezos @amazon Who can I talk to about being terminated with no answer and not being paid for hours I worked? ERC have no answers ,1: low amount of sadness can be inferred
Brown envelopes can induce panic. #posttruth,1: low amount of sadness can be inferred
I wont rt things that might offend your faves bcs I'm better than that,0: no sadness can be inferred
and after i got home in such a horrible mood my mom pissed me off the moment i stepped my feet in the house so i really almost go off on her,2: moderate amount of sadness can be inferred
hit by a sudden wave of sadness,3: high amount of sadness can be inferred